"Date","Count_Hour","Duration","Up","Down","Net_Up","Salmon_Hour","Comments"
"Date","Count Hour","Duration","Up","Down","Net Up","Salmon/Hour","Comments"
"45107","0",NA,NA,NA,NA,NA,NA
"45107","1",NA,NA,NA,NA,NA,NA
"45107","2",NA,NA,NA,NA,NA,NA
"45107","3",NA,NA,NA,NA,NA,NA
"45107","4",NA,NA,NA,NA,NA,NA
"45107","5",NA,NA,NA,NA,NA,NA
"45107","6",NA,NA,NA,NA,NA,NA
"45107","7",NA,NA,NA,NA,NA,NA
"45107","8",NA,NA,NA,NA,NA,NA
"45107","9",NA,NA,NA,NA,NA,NA
"45107","10",NA,NA,NA,NA,NA,NA
"45107","11",NA,NA,NA,NA,NA,NA
"45107","12",NA,NA,NA,NA,NA,NA
"45107","13",NA,NA,NA,NA,NA,NA
"45107","14",NA,NA,NA,NA,NA,NA
"45107","15",NA,NA,NA,NA,NA,NA
"45107","16",NA,NA,NA,NA,NA,NA
"45107","17",NA,NA,NA,NA,NA,NA
"45107","18",NA,NA,NA,NA,NA,NA
"45107","19",NA,NA,NA,NA,NA,NA
"45107","20",NA,NA,NA,NA,NA,NA
"45107","21",NA,NA,NA,NA,NA,NA
"45107","22",NA,NA,NA,NA,NA,NA
"45107","23",NA,NA,NA,NA,NA,NA
"45108","0",NA,NA,NA,NA,NA,NA
"45108","1",NA,NA,NA,NA,NA,NA
"45108","2",NA,NA,NA,NA,NA,NA
"45108","3",NA,NA,NA,NA,NA,NA
"45108","4",NA,NA,NA,NA,NA,NA
"45108","5",NA,NA,NA,NA,NA,NA
"45108","6",NA,NA,NA,NA,NA,NA
"45108","7",NA,NA,NA,NA,NA,NA
"45108","8",NA,NA,NA,NA,NA,NA
"45108","9",NA,NA,NA,NA,NA,NA
"45108","10",NA,NA,NA,NA,"0","RB used to estimate passage"
"45108","11",NA,NA,NA,NA,"0",NA
"45108","12",NA,NA,NA,NA,"6",NA
"45108","13",NA,NA,NA,NA,"0",NA
"45108","14",NA,NA,NA,NA,"6",NA
"45108","15",NA,NA,NA,NA,"0",NA
"45108","16",NA,NA,NA,NA,"0",NA
"45108","17",NA,NA,NA,NA,"0",NA
"45108","18",NA,NA,NA,NA,"0",NA
"45108","19",NA,NA,NA,NA,"0",NA
"45108","20",NA,NA,NA,NA,"0",NA
"45108","21",NA,NA,NA,NA,"0",NA
"45108","22",NA,NA,NA,NA,"-6",NA
"45108","23",NA,NA,NA,NA,"0",NA
"45109","0",NA,NA,NA,NA,"0",NA
"45109","1",NA,NA,NA,NA,"0",NA
"45109","2",NA,NA,NA,NA,"0",NA
"45109","3",NA,NA,NA,NA,"0",NA
"45109","4",NA,NA,NA,NA,"0",NA
"45109","5",NA,NA,NA,NA,"0",NA
"45109","6",NA,NA,NA,NA,"0",NA
"45109","7",NA,NA,NA,NA,"0",NA
"45109","8",NA,NA,NA,NA,"0",NA
"45109","9",NA,NA,NA,NA,"9",NA
"45109","10",NA,NA,NA,NA,"18",NA
"45109","11",NA,NA,NA,NA,"6",NA
"45109","12",NA,NA,NA,NA,"3",NA
"45109","13",NA,NA,NA,NA,"0",NA
"45109","14",NA,NA,NA,NA,"0",NA
"45109","15",NA,NA,NA,NA,"0",NA
"45109","16",NA,NA,NA,NA,"12",NA
"45109","17",NA,NA,NA,NA,"0",NA
"45109","18",NA,NA,NA,NA,"0",NA
"45109","19",NA,NA,NA,NA,"0",NA
"45109","20",NA,NA,NA,NA,"0",NA
"45109","21",NA,NA,NA,NA,"0",NA
"45109","22",NA,NA,NA,NA,"0",NA
"45109","23",NA,NA,NA,NA,"0",NA
"45110","0",NA,NA,NA,NA,"0",NA
"45110","1",NA,NA,NA,NA,"6",NA
"45110","2",NA,NA,NA,NA,"0",NA
"45110","3",NA,NA,NA,NA,"0",NA
"45110","4",NA,NA,NA,NA,"0",NA
"45110","5",NA,NA,NA,NA,"0",NA
"45110","6",NA,NA,NA,NA,"0",NA
"45110","7",NA,NA,NA,NA,"0",NA
"45110","8",NA,NA,NA,NA,"0",NA
"45110","9",NA,NA,NA,NA,"0",NA
"45110","10",NA,NA,NA,NA,"0",NA
"45110","11",NA,NA,NA,NA,"0",NA
"45110","12",NA,NA,NA,NA,"0",NA
"45110","13",NA,NA,NA,NA,"0",NA
"45110","14",NA,NA,NA,NA,"6",NA
"45110","15",NA,NA,NA,NA,"0",NA
"45110","16",NA,NA,NA,NA,"0",NA
"45110","17",NA,NA,NA,NA,"0",NA
"45110","18",NA,NA,NA,NA,"0",NA
"45110","19",NA,NA,NA,NA,"0",NA
"45110","20",NA,NA,NA,NA,"0",NA
"45110","21",NA,NA,NA,NA,"0",NA
"45110","22",NA,NA,NA,NA,"0",NA
"45110","23",NA,NA,NA,NA,"0",NA
"45111","0",NA,NA,NA,NA,"0",NA
"45111","1",NA,NA,NA,NA,"0",NA
"45111","2",NA,NA,NA,NA,"0",NA
"45111","3",NA,NA,NA,NA,"0",NA
"45111","4",NA,NA,NA,NA,"0",NA
"45111","5",NA,NA,NA,NA,"0",NA
"45111","6",NA,NA,NA,NA,"0",NA
"45111","7",NA,NA,NA,NA,"6",NA
"45111","8",NA,NA,NA,NA,"0",NA
"45111","9",NA,NA,NA,NA,"0",NA
"45111","10",NA,NA,NA,NA,"3",NA
"45111","11",NA,NA,NA,NA,"6",NA
"45111","12",NA,NA,NA,NA,"0",NA
"45111","13",NA,NA,NA,NA,"0",NA
"45111","14",NA,NA,NA,NA,"0",NA
"45111","15",NA,NA,NA,NA,"0",NA
"45111","16",NA,NA,NA,NA,"0",NA
"45111","17",NA,NA,NA,NA,"-6",NA
"45111","18",NA,NA,NA,NA,"0",NA
"45111","19",NA,NA,NA,NA,"6",NA
"45111","20",NA,NA,NA,NA,"0",NA
"45111","21",NA,NA,NA,NA,"0",NA
"45111","22",NA,NA,NA,NA,"0",NA
"45111","23",NA,NA,NA,NA,"0",NA
"45112","0",NA,NA,NA,NA,"0",NA
"45112","1",NA,NA,NA,NA,"0",NA
"45112","2",NA,NA,NA,NA,"0",NA
"45112","3",NA,NA,NA,NA,"0",NA
"45112","4",NA,NA,NA,NA,"0",NA
"45112","5",NA,NA,NA,NA,"0",NA
"45112","6",NA,NA,NA,NA,"0",NA
"45112","7",NA,NA,NA,NA,"0",NA
"45112","8",NA,NA,NA,NA,"0",NA
"45112","9",NA,NA,NA,NA,"0",NA
"45112","10",NA,NA,NA,NA,"0",NA
"45112","11",NA,NA,NA,NA,"0",NA
"45112","12",NA,NA,NA,NA,"0",NA
"45112","13",NA,NA,NA,NA,"0",NA
"45112","14",NA,NA,NA,NA,"12",NA
"45112","15",NA,NA,NA,NA,"0",NA
"45112","16",NA,NA,NA,NA,"0",NA
"45112","17",NA,NA,NA,NA,"0",NA
"45112","18",NA,NA,NA,NA,"6",NA
"45112","19",NA,NA,NA,NA,"0",NA
"45112","20",NA,NA,NA,NA,"0",NA
"45112","21",NA,NA,NA,NA,"0",NA
"45112","22",NA,NA,NA,NA,"0",NA
"45112","23",NA,NA,NA,NA,"0",NA
"45113","0",NA,NA,NA,NA,"0",NA
"45113","1",NA,NA,NA,NA,"-6",NA
"45113","2",NA,NA,NA,NA,"0",NA
"45113","3",NA,NA,NA,NA,"0",NA
"45113","4",NA,NA,NA,NA,"0",NA
"45113","5",NA,NA,NA,NA,"0",NA
"45113","6",NA,NA,NA,NA,"12",NA
"45113","7",NA,NA,NA,NA,"6",NA
"45113","8",NA,NA,NA,NA,"0",NA
"45113","9",NA,NA,NA,NA,"6",NA
"45113","10",NA,NA,NA,NA,"0",NA
"45113","11",NA,NA,NA,NA,"6",NA
"45113","12",NA,NA,NA,NA,"-6",NA
"45113","13",NA,NA,NA,NA,"0",NA
"45113","14",NA,NA,NA,NA,"12",NA
"45113","15",NA,NA,NA,NA,"12",NA
"45113","16",NA,NA,NA,NA,"0",NA
"45113","17",NA,NA,NA,NA,"0",NA
"45113","18",NA,NA,NA,NA,"6",NA
"45113","19",NA,NA,NA,NA,"6",NA
"45113","20",NA,NA,NA,NA,"0",NA
"45113","21",NA,NA,NA,NA,"6",NA
"45113","22",NA,NA,NA,NA,"0",NA
"45113","23",NA,NA,NA,NA,"6",NA
"45114","0",NA,NA,NA,NA,"0",NA
"45114","1",NA,NA,NA,NA,"0",NA
"45114","2",NA,NA,NA,NA,"0",NA
"45114","3",NA,NA,NA,NA,"0",NA
"45114","4",NA,NA,NA,NA,"0",NA
"45114","5",NA,NA,NA,NA,"6",NA
"45114","6",NA,NA,NA,NA,"18",NA
"45114","7",NA,NA,NA,NA,"6",NA
"45114","8",NA,NA,NA,NA,"0",NA
"45114","9",NA,NA,NA,NA,"0",NA
"45114","10",NA,NA,NA,NA,"0",NA
"45114","11",NA,NA,NA,NA,"0",NA
"45114","12",NA,NA,NA,NA,"6",NA
"45114","13",NA,NA,NA,NA,"0",NA
"45114","14",NA,NA,NA,NA,"0",NA
"45114","15",NA,NA,NA,NA,"0",NA
"45114","16",NA,NA,NA,NA,"0",NA
"45114","17",NA,NA,NA,NA,"6",NA
"45114","18",NA,NA,NA,NA,"0",NA
"45114","19",NA,NA,NA,NA,"6",NA
"45114","20",NA,NA,NA,NA,"6",NA
"45114","21",NA,NA,NA,NA,"3",NA
"45114","22",NA,NA,NA,NA,"0",NA
"45114","23",NA,NA,NA,NA,"0",NA
"45115","0",NA,NA,NA,NA,"0",NA
"45115","1",NA,NA,NA,NA,"6",NA
"45115","2",NA,NA,NA,NA,"0",NA
"45115","3",NA,NA,NA,NA,"0",NA
"45115","4",NA,NA,NA,NA,"-6",NA
"45115","5",NA,NA,NA,NA,"0",NA
"45115","6",NA,NA,NA,NA,"0",NA
"45115","7",NA,NA,NA,NA,"0",NA
"45115","8",NA,NA,NA,NA,"12",NA
"45115","9",NA,NA,NA,NA,"12",NA
"45115","10","10","2","0","2","12","LB operational"
"45115","11","10","5","0","5","30",NA
"45115","12","10","1","0","1","6",NA
"45115","13","10","2","0","2","12",NA
"45115","14","10","5","0","5","30",NA
"45115","15","10","1","0","1","6",NA
"45115","16","10","0","0","0","0",NA
"45115","17","10","1","0","1","6",NA
"45115","18","10","1","0","1","6",NA
"45115","19","10","0","0","0","0",NA
"45115","20","10","0","0","0","0",NA
"45115","21","10","0","0","0","0",NA
"45115","22","10","0","0","0","0",NA
"45115","23","10","0","0","0","0",NA
"45116","0","10","0","0","0","0",NA
"45116","1","10","0","0","0","0",NA
"45116","2","10","0","0","0","0",NA
"45116","3","10","0","0","0","0",NA
"45116","4","10","0","0","0","0",NA
"45116","5","10","3","0","3","18",NA
"45116","6","10","1","0","1","6",NA
"45116","7","10","2","0","2","12",NA
"45116","8","10","2","0","2","12",NA
"45116","9","10","0","0","0","0",NA
"45116","10","10","4","0","4","24",NA
"45116","11","10","0","0","0","0",NA
"45116","12","10","0","0","0","0",NA
"45116","13","10","0","0","0","0",NA
"45116","14","10","0","0","0","0",NA
"45116","15","10","1","0","1","6",NA
"45116","16","10","0","0","0","0",NA
"45116","17","10","0","0","0","0",NA
"45116","18","10","0","0","0","0",NA
"45116","19","10","1","0","1","6",NA
"45116","20","10","1","0","1","6",NA
"45116","21","10","0","0","0","0",NA
"45116","22","10","0","0","0","0",NA
"45116","23","10","0","0","0","0",NA
"45117","0","10","0","0","0","0",NA
"45117","1","10","0","0","0","0",NA
"45117","2","10","0","0","0","0",NA
"45117","3","10","0","0","0","0",NA
"45117","4","10","0","0","0","0",NA
"45117","5","10","0","0","0","0",NA
"45117","6","10","2","0","2","12",NA
"45117","7","10","1","0","1","6",NA
"45117","8","10","3","0","3","18",NA
"45117","9","10","0","0","0","0",NA
"45117","10","10","4","0","4","24",NA
"45117","11","10","0","0","0","0",NA
"45117","12","10","0","0","0","0",NA
"45117","13","10","0","0","0","0",NA
"45117","14","10","1","0","1","6",NA
"45117","15","10","1","0","1","6",NA
"45117","16","10","0","0","0","0",NA
"45117","17","10","0","0","0","0",NA
"45117","18","10","0","0","0","0",NA
"45117","19","10","0","0","0","0",NA
"45117","20","10","0","0","0","0",NA
"45117","21","10","1","0","1","6",NA
"45117","22","10","0","0","0","0",NA
"45117","23","10","0","0","0","0",NA
"45118","0","10","0","0","0","0",NA
"45118","1","10","0","0","0","0",NA
"45118","2","10","0","0","0","0",NA
"45118","3","10","0","0","0","0",NA
"45118","4","10","0","0","0","0",NA
"45118","5","10","1","0","1","6",NA
"45118","6","10","0","0","0","0",NA
"45118","7","10","1","0","1","6",NA
"45118","8","10","2","0","2","12",NA
"45118","9","10","0","0","0","0",NA
"45118","10","10","1","0","1","6",NA
"45118","11","10","1","0","1","6",NA
"45118","12","10","0","0","0","0",NA
"45118","13","10","1","0","1","6",NA
"45118","14","10","0","0","0","0",NA
"45118","15","10","7","0","7","42",NA
"45118","16","10","1","0","1","6",NA
"45118","17","10","1","0","1","6",NA
"45118","18","10","2","0","2","12",NA
"45118","19","10","1","0","1","6",NA
"45118","20","10","0","0","0","0",NA
"45118","21","10","1","0","1","6",NA
"45118","22","10","0","0","0","0",NA
"45118","23","10","1","0","1","6",NA
"45119","0","10","0","0","0","0",NA
"45119","1","10","0","0","0","0",NA
"45119","2","10","0","0","0","0",NA
"45119","3","10","0","0","0","0",NA
"45119","4","10","0","0","0","0",NA
"45119","5","10","0","0","0","0",NA
"45119","6","10","1","0","1","6",NA
"45119","7","10","0","0","0","0",NA
"45119","8","10","2","0","2","12",NA
"45119","9","10","2","0","2","12",NA
"45119","10","10","4","0","4","24",NA
"45119","11","10","0","0","0","0",NA
"45119","12","10","0","0","0","0",NA
"45119","13","10","8","0","8","48",NA
"45119","14","10","0","0","0","0",NA
"45119","15","10","1","0","1","6",NA
"45119","16","10","1","0","1","6",NA
"45119","17","10","0","0","0","0",NA
"45119","18","10","0","0","0","0",NA
"45119","19","10","1","0","1","6",NA
"45119","20","10","0","0","0","0",NA
"45119","21","10","1","0","1","6",NA
"45119","22","10","0","0","0","0",NA
"45119","23","10","0","0","0","0",NA
"45120","0","10","0","0","0","0",NA
"45120","1","10","0","0","0","0",NA
"45120","2","10","0","0","0","0",NA
"45120","3","10","0","0","0","0",NA
"45120","4","10","0","0","0","0",NA
"45120","5","10","0","0","0","0",NA
"45120","6","10","1","0","1","6",NA
"45120","7","10","0","0","0","0",NA
"45120","8","10","2","0","2","12",NA
"45120","9","10","1","0","1","6",NA
"45120","10","10","0","0","0","0",NA
"45120","11","10","0","0","0","0",NA
"45120","12","10","0","0","0","0",NA
"45120","13","10","0","0","0","0",NA
"45120","14","10","1","0","1","6",NA
"45120","15","10","0","0","0","0",NA
"45120","16","10","0","0","0","0",NA
"45120","17","10","2","0","2","12",NA
"45120","18","10","2","0","2","12",NA
"45120","19","10","0","0","0","0",NA
"45120","20","10","2","0","2","12",NA
"45120","21","10","0","0","0","0",NA
"45120","22","10","4","0","4","24",NA
"45120","23","10","0","0","0","0",NA
"45121","0","10","0","0","0","0",NA
"45121","1","10","0","0","0","0",NA
"45121","2","10","0","0","0","0",NA
"45121","3","10","0","0","0","0",NA
"45121","4","10","0","0","0","0",NA
"45121","5","10","0","0","0","0",NA
"45121","6","10","1","0","1","6",NA
"45121","7","10","2","0","2","12",NA
"45121","8","10","0","0","0","0",NA
"45121","9","10","1","0","1","6",NA
"45121","10","10","1","0","1","6",NA
"45121","11","10","2","0","2","12",NA
"45121","12","10","1","0","1","6",NA
"45121","13","10","1","0","1","6",NA
"45121","14","10","0","0","0","0",NA
"45121","15","10","1","0","1","6",NA
"45121","16","10","0","0","0","0",NA
"45121","17","10","0","0","0","0",NA
"45121","18","10","1","0","1","6",NA
"45121","19","10","0","0","0","0",NA
"45121","20","10","0","0","0","0",NA
"45121","21","10","1","0","1","6",NA
"45121","22","10","0","0","0","0",NA
"45121","23","10","0","0","0","0",NA
"45122","0","10","1","0","1","6",NA
"45122","1","10","0","0","0","0",NA
"45122","2","10","0","0","0","0",NA
"45122","3","10","0","0","0","0",NA
"45122","4","10","0","0","0","0",NA
"45122","5","10","0","0","0","0",NA
"45122","6","10","0","0","0","0",NA
"45122","7","10","1","0","1","6",NA
"45122","8","10","1","0","1","6",NA
"45122","9","10","0","0","0","0",NA
"45122","10","10","4","0","4","24",NA
"45122","11","10","0","0","0","0",NA
"45122","12","10","2","0","2","12",NA
"45122","13","10","6","0","6","36",NA
"45122","14","10","1","0","1","6",NA
"45122","15","10","0","0","0","0",NA
"45122","16","10","1","0","1","6",NA
"45122","17","10","3","0","3","18",NA
"45122","18","10","1","0","1","6",NA
"45122","19","10","1","0","1","6",NA
"45122","20","10","0","0","0","0",NA
"45122","21","10","1","0","1","6",NA
"45122","22","10","0","0","0","0",NA
"45122","23","10","0","0","0","0",NA
"45123","0","10","0","0","0","0",NA
"45123","1","10","0","0","0","0",NA
"45123","2","10","0","0","0","0",NA
"45123","3","10","1","0","1","6",NA
"45123","4","10","0","0","0","0",NA
"45123","5","10","0","0","0","0",NA
"45123","6","10","1","0","1","6",NA
"45123","7","10","1","0","1","6",NA
"45123","8","10","4","0","4","24",NA
"45123","9","10","0","0","0","0",NA
"45123","10","10","0","0","0","0",NA
"45123","11","10","1","0","1","6",NA
"45123","12","10","1","0","1","6",NA
"45123","13","10","2","0","2","12",NA
"45123","14","10","1","0","1","6",NA
"45123","15","10","0","0","0","0",NA
"45123","16","10","2","0","2","12",NA
"45123","17","10","0","0","0","0",NA
"45123","18","10","1","0","1","6",NA
"45123","19","10","0","0","0","0",NA
"45123","20","10","1","0","1","6",NA
"45123","21","10","0","0","0","0",NA
"45123","22","10","0","0","0","0",NA
"45123","23","10","0","0","0","0",NA
"45124","0","10","0","0","0","0",NA
"45124","1","10","0","0","0","0",NA
"45124","2","10","0","0","0","0",NA
"45124","3","10","0","0","0","0",NA
"45124","4","10","0","0","0","0",NA
"45124","5","10","0","0","0","0",NA
"45124","6","10","0","0","0","0",NA
"45124","7","10","1","0","1","6",NA
"45124","8","10","0","0","0","0",NA
"45124","9","10","0","0","0","0",NA
"45124","10","10","0","0","0","0",NA
"45124","11","10","0","0","0","0",NA
"45124","12","10","1","0","1","6",NA
"45124","13","10","0","0","0","0",NA
"45124","14","10","0","0","0","0",NA
"45124","15","10","1","0","1","6",NA
"45124","16","10","0","0","0","0",NA
"45124","17","10","1","0","1","6",NA
"45124","18","10","2","0","2","12",NA
"45124","19","10","0","0","0","0",NA
"45124","20","10","0","0","0","0",NA
"45124","21","10","0","0","0","0",NA
"45124","22","10","0","0","0","0",NA
"45124","23","10","0","0","0","0",NA
"45125","0","10","0","0","0","0",NA
"45125","1","10","0","0","0","0",NA
"45125","2","10","0","0","0","0",NA
"45125","3","10","1","0","1","6",NA
"45125","4","10","0","0","0","0",NA
"45125","5","10","1","0","1","6",NA
"45125","6","10","0","0","0","0",NA
"45125","7","10","2","0","2","12",NA
"45125","8","10","0","0","0","0",NA
"45125","9","10","0","0","0","0",NA
"45125","10","10","3","0","3","18",NA
"45125","11","10","2","0","2","12",NA
"45125","12","10","5","0","5","30",NA
"45125","13","10","3","0","3","18",NA
"45125","14","10","1","0","1","6",NA
"45125","15","10","1","0","1","6",NA
"45125","16","10","2","0","2","12",NA
"45125","17","10","0","0","0","0",NA
"45125","18","10","0","0","0","0",NA
"45125","19","10","0","0","0","0",NA
"45125","20","10","0","0","0","0",NA
"45125","21","10","0","0","0","0",NA
"45125","22","10","0","0","0","0",NA
"45125","23","10","0","0","0","0",NA
"45126","0","10","0","0","0","0",NA
"45126","1","10","2","0","2","12",NA
"45126","2","10","2","0","2","12",NA
"45126","3","10","1","0","1","6",NA
"45126","4","10","1","0","1","6",NA
"45126","5","10","2","0","2","12",NA
"45126","6","10","7","0","7","42",NA
"45126","7","10","1","0","1","6",NA
"45126","8","10","10","0","10","60",NA
"45126","9","10","0","0","0","0",NA
"45126","10","10","0","0","0","0",NA
"45126","11","10","3","0","3","18",NA
"45126","12","10","0","0","0","0",NA
"45126","13","10","1","0","1","6",NA
"45126","14","10","0","1","-1","-6",NA
"45126","15","10","6","0","6","36",NA
"45126","16","10","1","0","1","6",NA
"45126","17","10","1","0","1","6",NA
"45126","18","10","1","0","1","6",NA
"45126","19","10","2","0","2","12",NA
"45126","20","10","0","0","0","0",NA
"45126","21","10","2","0","2","12",NA
"45126","22","10","0","0","0","0",NA
"45126","23","10","1","0","1","6",NA
"45127","0","10","0","0","0","0",NA
"45127","1","10","0","0","0","0",NA
"45127","2","10","0","0","0","0",NA
"45127","3","10","0","0","0","0",NA
"45127","4","10","0","0","0","0",NA
"45127","5","10","0","0","0","0",NA
"45127","6","10","0","0","0","0",NA
"45127","7","10","3","0","3","18",NA
"45127","8","10","2","0","2","12",NA
"45127","9","10","0","0","0","0",NA
"45127","10","10","3","0","3","18",NA
"45127","11","10","0","0","0","0",NA
"45127","12","10","0","0","0","0",NA
"45127","13","10","0","0","0","0",NA
"45127","14","10","0","0","0","0",NA
"45127","15","10","4","0","4","24",NA
"45127","16","10","1","0","1","6",NA
"45127","17","10","0","0","0","0",NA
"45127","18","10","1","0","1","6",NA
"45127","19","10","3","0","3","18",NA
"45127","20","10","2","0","2","12",NA
"45127","21","10","1","0","1","6",NA
"45127","22","10","0","0","0","0",NA
"45127","23","10","0","0","0","0",NA
"45128","0","10","0","0","0","0",NA
"45128","1","10","1","0","1","6",NA
"45128","2","10","0","0","0","0",NA
"45128","3","10","0","0","0","0",NA
"45128","4","10","0","0","0","0",NA
"45128","5","10","2","1","1","6",NA
"45128","6","10","2","0","2","12",NA
"45128","7","10","2","0","2","12",NA
"45128","8","10","3","0","3","18",NA
"45128","9","10","0","0","0","0",NA
"45128","10","10","0","0","0","0",NA
"45128","11","10","3","0","3","18",NA
"45128","12","9","1","1","0","0","Short file"
"45128","13",NA,NA,NA,NA,"22.5","File Lost, Average of 2 files before and after used"
"45128","14",NA,NA,NA,NA,"22.5","File Lost, Average of 2 files before and after used"
"45128","15",NA,NA,NA,NA,"22.5","File Lost, Average of 2 files before and after used"
"45128","16","10","13","1","12","72",NA
"45128","17","10","0","0","0","0",NA
"45128","18","10","2","0","2","12",NA
"45128","19","10","1","0","1","6",NA
"45128","20","10","3","0","3","18",NA
"45128","21","10","0","0","0","0",NA
"45128","22","10","1","0","1","6",NA
"45128","23","10","0","0","0","0",NA
"45129","0","10","0","0","0","0",NA
"45129","1","10","0","0","0","0",NA
"45129","2","10","0","0","0","0",NA
"45129","3","10","0","0","0","0",NA
"45129","4","10","0","0","0","0",NA
"45129","5","10","1","0","1","6",NA
"45129","6","10","0","0","0","0",NA
"45129","7","10","0","0","0","0",NA
"45129","8","10","0","0","0","0",NA
"45129","9","10","0","0","0","0",NA
"45129","10","10","0","0","0","0",NA
"45129","11","10","0","0","0","0",NA
"45129","12","10","0","0","0","0",NA
"45129","13","10","0","0","0","0",NA
"45129","14","10","0","0","0","0",NA
"45129","15","10","0","0","0","0",NA
"45129","16","10","1","0","1","6",NA
"45129","17","10","0","0","0","0",NA
"45129","18","10","0","0","0","0",NA
"45129","19","10","2","0","2","12",NA
"45129","20","10","0","0","0","0",NA
"45129","21","10","0","0","0","0",NA
"45129","22","10","0","0","0","0",NA
"45129","23","10","1","0","1","6",NA
"45130","0","10","0","0","0","0",NA
"45130","1","10","0","0","0","0",NA
"45130","2","10","0","0","0","0",NA
"45130","3","10","0","0","0","0",NA
"45130","4","10","0","0","0","0",NA
"45130","5","10","0","0","0","0",NA
"45130","6","10","0","1","-1","-6",NA
"45130","7","10","0","0","0","0",NA
"45130","8","10","1","0","1","6",NA
"45130","9","10","0","0","0","0",NA
"45130","10","10","3","0","3","18",NA
"45130","11","10","1","0","1","6",NA
"45130","12","10","2","0","2","12",NA
"45130","13","10","6","0","6","36",NA
"45130","14","10","0","0","0","0",NA
"45130","15","10","5","0","5","30",NA
"45130","16","10","1","0","1","6",NA
"45130","17","10","1","0","1","6",NA
"45130","18","10","0","1","-1","-6",NA
"45130","19","10","1","0","1","6",NA
"45130","20","10","0","0","0","0",NA
"45130","21","10","0","0","0","0",NA
"45130","22","10","0","0","0","0",NA
"45130","23","10","0","0","0","0",NA
"45131","0","10","0","0","0","0",NA
"45131","1","10","0","0","0","0",NA
"45131","2","10","0","0","0","0",NA
"45131","3","10","1","0","1","6",NA
"45131","4","10","0","0","0","0",NA
"45131","5","10","0","0","0","0",NA
"45131","6","10","1","0","1","6",NA
"45131","7","10","1","0","1","6",NA
"45131","8","10","4","0","4","24",NA
"45131","9","10","2","0","2","12",NA
"45131","10","10","1","0","1","6",NA
"45131","11","10","1","0","1","6",NA
"45131","12","10","0","0","0","0",NA
"45131","13","10","1","0","1","6",NA
"45131","14","10","2","0","2","12",NA
"45131","15","10","2","0","2","12",NA
"45131","16","10","3","0","3","18",NA
"45131","17","10","1","0","1","6",NA
"45131","18","10","0","0","0","0",NA
"45131","19","10","0","0","0","0",NA
"45131","20","10","1","0","1","6",NA
"45131","21","10","0","0","0","0",NA
"45131","22","10","0","0","0","0",NA
"45131","23","10","1","0","1","6",NA
"45132","0","10","1","0","1","6",NA
"45132","1","10","0","0","0","0",NA
"45132","2","10","1","0","1","6",NA
"45132","3","10","0","0","0","0",NA
"45132","4","10","0","0","0","0",NA
"45132","5","10","0","0","0","0",NA
"45132","6","10","0","0","0","0",NA
"45132","7","10","0","0","0","0",NA
"45132","8","10","0","0","0","0",NA
"45132","9","10","0","0","0","0",NA
"45132","10","10","1","1","0","0",NA
"45132","11","10","1","1","0","0",NA
"45132","12","10","1","0","1","6",NA
"45132","13","10","3","0","3","18",NA
"45132","14","10","2","0","2","12",NA
"45132","15","10","1","0","1","6",NA
"45132","16","10","0","0","0","0",NA
"45132","17","10","1","0","1","6",NA
"45132","18","10","1","0","1","6",NA
"45132","19","10","0","0","0","0",NA
"45132","20","10","0","0","0","0",NA
"45132","21","10","2","0","2","12",NA
"45132","22","10","0","0","0","0",NA
"45132","23","10","0","0","0","0",NA
"45133","0","10","0","0","0","0",NA
"45133","1","10","0","0","0","0",NA
"45133","2","10","2","0","2","12",NA
"45133","3","10","0","0","0","0",NA
"45133","4","10","0","0","0","0",NA
"45133","5","10","0","0","0","0",NA
"45133","6","10","1","0","1","6",NA
"45133","7","10","1","0","1","6",NA
"45133","8","10","3","0","3","18",NA
"45133","9","10","0","0","0","0",NA
"45133","10","10","0","0","0","0",NA
"45133","11","10","1","0","1","6",NA
"45133","12","10","0","0","0","0",NA
"45133","13","10","4","0","4","24",NA
"45133","14","10","0","0","0","0",NA
"45133","15","10","0","0","0","0",NA
"45133","16","10","1","1","0","0",NA
"45133","17","10","0","0","0","0",NA
"45133","18","10","0","0","0","0",NA
"45133","19","10","0","0","0","0",NA
"45133","20","10","0","0","0","0",NA
"45133","21","10","0","1","-1","-6",NA
"45133","22","10","0","0","0","0",NA
"45133","23","10","0","0","0","0",NA
"45134","0","10","1","0","1","6",NA
"45134","1","10","0","0","0","0",NA
"45134","2","10","0","0","0","0",NA
"45134","3","10","0","0","0","0",NA
"45134","4","10","0","0","0","0",NA
"45134","5","10","0","0","0","0",NA
"45134","6","10","0","0","0","0",NA
"45134","7","10","1","0","1","6",NA
"45134","8","10","2","0","2","12",NA
"45134","9","10","1","0","1","6",NA
"45134","10","10","0","0","0","0",NA
"45134","11","10","2","0","2","12",NA
"45134","12","10","2","0","2","12",NA
"45134","13","10","2","0","2","12",NA
"45134","14","10","0","0","0","0",NA
"45134","15","10","0","0","0","0",NA
"45134","16","10","2","0","2","12",NA
"45134","17","10","4","0","4","24",NA
"45134","18","10","2","0","2","12",NA
"45134","19","10","1","0","1","6",NA
"45134","20","10","4","0","4","24",NA
"45134","21","10","0","0","0","0",NA
"45134","22","10","0","0","0","0",NA
"45134","23","10","0","0","0","0",NA
"45135","0","10","1","0","1","6",NA
"45135","1","10","2","0","2","12",NA
"45135","2","10","2","0","2","12",NA
"45135","3","10","1","0","1","6",NA
"45135","4","10","0","0","0","0",NA
"45135","5","10","0","0","0","0",NA
"45135","6","10","2","0","2","12",NA
"45135","7","10","0","0","0","0",NA
"45135","8","10","2","0","2","12",NA
"45135","9","10","0","0","0","0",NA
"45135","10","10","3","0","3","18",NA
"45135","11","10","0","0","0","0",NA
"45135","12","10","1","0","1","6",NA
"45135","13","10","0","0","0","0",NA
"45135","14","10","1","0","1","6",NA
"45135","15","10","0","0","0","0",NA
"45135","16","10","0","0","0","0",NA
"45135","17","10","1","0","1","6",NA
"45135","18","10","2","0","2","12",NA
"45135","19","10","0","0","0","0",NA
"45135","20","10","4","0","4","24",NA
"45135","21","10","0","0","0","0",NA
"45135","22","10","0","0","0","0",NA
"45135","23","10","0","0","0","0",NA
"45136","0","10","2","0","2","12",NA
"45136","1","10","0","0","0","0",NA
"45136","2","10","0","0","0","0",NA
"45136","3","10","0","0","0","0",NA
"45136","4","10","0","0","0","0",NA
"45136","5","10","0","0","0","0",NA
"45136","6","10","0","1","-1","-6",NA
"45136","7","10","5","0","5","30",NA
"45136","8","10","0","0","0","0",NA
"45136","9","10","2","0","2","12",NA
"45136","10","10","1","0","1","6",NA
"45136","11","10","1","0","1","6",NA
"45136","12","10","0","0","0","0",NA
"45136","13","10","1","0","1","6",NA
"45136","14","10","5","0","5","30",NA
"45136","15","10","0","0","0","0",NA
"45136","16","10","2","0","2","12",NA
"45136","17","10","0","0","0","0",NA
"45136","18","10","0","0","0","0",NA
"45136","19","10","0","1","-1","-6",NA
"45136","20","10","0","0","0","0",NA
"45136","21","10","2","0","2","12",NA
"45136","22","10","0","0","0","0",NA
"45136","23","10","0","0","0","0",NA
"45137","0","10","0","0","0","0",NA
"45137","1","10","0","0","0","0",NA
"45137","2","10","0","0","0","0",NA
"45137","3","10","0","0","0","0",NA
"45137","4","10","0","0","0","0",NA
"45137","5","10","0","1","-1","-6",NA
"45137","6","10","0","0","0","0",NA
"45137","7","10","0","1","-1","-6",NA
"45137","8","10","3","0","3","18",NA
"45137","9","10","0","0","0","0",NA
"45137","10","10","1","0","1","6",NA
"45137","11","10","1","0","1","6",NA
"45137","12","10","0","0","0","0",NA
"45137","13","10","1","0","1","6",NA
"45137","14","10","1","0","1","6",NA
"45137","15","10","0","0","0","0",NA
"45137","16","10","0","0","0","0",NA
"45137","17","10","0","0","0","0",NA
"45137","18","10","0","0","0","0",NA
"45137","19","10","1","0","1","6",NA
"45137","20","10","0","0","0","0",NA
"45137","21","10","0","0","0","0",NA
"45137","22","10","0","0","0","0",NA
"45137","23","10","0","0","0","0",NA
"45138","0","10","0","0","0","0",NA
"45138","1","10","0","0","0","0",NA
"45138","2","10","0","0","0","0",NA
"45138","3","10","0","1","-1","-6",NA
"45138","4","10","0","0","0","0",NA
"45138","5","10","0","0","0","0",NA
"45138","6","10","1","0","1","6",NA
"45138","7","10","0","0","0","0",NA
"45138","8","10","3","0","3","18",NA
"45138","9","10","2","0","2","12",NA
"45138","10","10","0","0","0","0",NA
"45138","11","10","1","0","1","6",NA
"45138","12","10","0","1","-1","-6",NA
"45138","13","10","1","0","1","6",NA
"45138","14","10","6","0","6","36",NA
"45138","15","10","0","0","0","0",NA
"45138","16","10","2","0","2","12",NA
"45138","17","10","1","0","1","6",NA
"45138","18","10","2","0","2","12",NA
"45138","19","10","2","0","2","12",NA
"45138","20","10","2","0","2","12",NA
"45138","21","10","1","0","1","6",NA
"45138","22","10","0","0","0","0",NA
"45138","23","10","0","0","0","0",NA
"45139","0","10","0","0","0","0",NA
"45139","1","10","0","0","0","0",NA
"45139","2","10","0","0","0","0",NA
"45139","3","10","1","0","1","6",NA
"45139","4","10","0","0","0","0",NA
"45139","5","10","0","0","0","0",NA
"45139","6","10","1","0","1","6",NA
"45139","7","10","0","0","0","0",NA
"45139","8","10","2","0","2","12",NA
"45139","9","10","0","0","0","0",NA
"45139","10","10","1","0","1","6",NA
"45139","11","10","0","0","0","0",NA
"45139","12","10","0","0","0","0",NA
"45139","13","10","2","0","2","12",NA
"45139","14","10","1","0","1","6",NA
"45139","15","10","0","1","-1","-6",NA
"45139","16","10","0","0","0","0",NA
"45139","17","10","2","0","2","12",NA
"45139","18","10","0","0","0","0",NA
"45139","19","10","2","0","2","12",NA
"45139","20","10","2","0","2","12",NA
"45139","21","10","0","0","0","0",NA
"45139","22","10","0","0","0","0",NA
"45139","23","10","0","0","0","0",NA
"45140","0","10","0","0","0","0",NA
"45140","1","10","1","0","1","6",NA
"45140","2","10","0","0","0","0",NA
"45140","3","10","0","0","0","0",NA
"45140","4","10","0","1","-1","-6",NA
"45140","5","10","0","0","0","0",NA
"45140","6","10","1","0","1","6",NA
"45140","7","10","2","0","2","12",NA
"45140","8","10","4","0","4","24",NA
"45140","9","10","1","1","0","0",NA
"45140","10","10","2","2","0","0",NA
"45140","11","10","0","0","0","0",NA
"45140","12","10","1","1","0","0",NA
"45140","13","10","7","0","7","42",NA
"45140","14","10","3","0","3","18",NA
"45140","15","10","2","0","2","12",NA
"45140","16","10","0","0","0","0",NA
"45140","17","10","2","0","2","12",NA
"45140","18","10","0","0","0","0",NA
"45140","19","10","1","0","1","6",NA
"45140","20","10","2","0","2","12",NA
"45140","21","10","1","0","1","6",NA
"45140","22","10","0","0","0","0",NA
"45140","23","10","0","1","-1","-6",NA
"45141","0","10","0","0","0","0",NA
"45141","1","10","0","0","0","0",NA
"45141","2","10","0","0","0","0",NA
"45141","3","10","0","0","0","0",NA
"45141","4","10","1","0","1","6",NA
"45141","5","10","0","0","0","0",NA
"45141","6","10","1","0","1","6",NA
"45141","7","10","1","0","1","6",NA
"45141","8","10","2","0","2","12",NA
"45141","9","10","0","0","0","0",NA
"45141","10","10","3","0","3","18",NA
"45141","11","10","3","0","3","18",NA
"45141","12","10","1","0","1","6",NA
"45141","13","10","1","0","1","6",NA
"45141","14","10","1","0","1","6",NA
"45141","15","10","2","0","2","12",NA
"45141","16","10","0","0","0","0",NA
"45141","17","10","1","0","1","6",NA
"45141","18","10","0","0","0","0",NA
"45141","19","10","0","0","0","0",NA
"45141","20","10","0","0","0","0",NA
"45141","21","10","0","0","0","0",NA
"45141","22","10","1","0","1","6",NA
"45141","23","10","0","0","0","0",NA
"45142","0","10","0","0","0","0",NA
"45142","1","10","0","0","0","0",NA
"45142","2","10","2","0","2","12",NA
"45142","3","10","1","0","1","6",NA
"45142","4","10","0","0","0","0",NA
"45142","5","10","0","0","0","0",NA
"45142","6","10","1","1","0","0",NA
"45142","7","10","1","0","1","6",NA
"45142","8","10","4","0","4","24",NA
"45142","9","10","1","0","1","6",NA
"45142","10","10","2","0","2","12",NA
"45142","11","10","2","0","2","12",NA
"45142","12","10","1","0","1","6",NA
"45142","13","10","1","0","1","6",NA
"45142","14","10","3","1","2","12",NA
"45142","15","10","1","0","1","6",NA
"45142","16","10","5","0","5","30",NA
"45142","17","10","2","0","2","12",NA
"45142","18","10","1","0","1","6",NA
"45142","19","10","0","0","0","0",NA
"45142","20","10","4","0","4","24",NA
"45142","21","10","0","0","0","0",NA
"45142","22","10","0","0","0","0",NA
"45142","23","10","0","0","0","0",NA
"45143","0","10","0","0","0","0",NA
"45143","1","10","1","0","1","6",NA
"45143","2","10","0","0","0","0",NA
"45143","3","10","1","0","1","6",NA
"45143","4","10","0","0","0","0",NA
"45143","5","10","1","2","-1","-6",NA
"45143","6","10","1","1","0","0",NA
"45143","7","10","0","1","-1","-6",NA
"45143","8","10","0","0","0","0",NA
"45143","9","10","6","0","6","36",NA
"45143","10","10","4","0","4","24",NA
"45143","11","10","1","0","1","6",NA
"45143","12","10","1","0","1","6",NA
"45143","13","10","1","0","1","6",NA
"45143","14","10","2","0","2","12",NA
"45143","15","10","1","0","1","6",NA
"45143","16","10","3","2","1","6",NA
"45143","17","10","0","0","0","0",NA
"45143","18","10","0","1","-1","-6",NA
"45143","19","10","1","0","1","6",NA
"45143","20","10","2","0","2","12",NA
"45143","21","10","2","0","2","12",NA
"45143","22","10","0","0","0","0",NA
"45143","23","10","2","0","2","12",NA
"45144","0","10","0","0","0","0",NA
"45144","1","10","0","0","0","0",NA
"45144","2","10","0","0","0","0",NA
"45144","3","10","0","0","0","0",NA
"45144","4","10","0","0","0","0",NA
"45144","5","10","1","1","0","0",NA
"45144","6","10","0","1","-1","-6",NA
"45144","7","10","0","0","0","0",NA
"45144","8","10","0","2","-2","-12",NA
"45144","9","10","2","0","2","12",NA
"45144","10","10","1","0","1","6",NA
"45144","11","10","1","0","1","6",NA
"45144","12","10","1","0","1","6",NA
"45144","13","10","0","1","-1","-6",NA
"45144","14","10","0","1","-1","-6",NA
"45144","15","10","19","0","19","114",NA
"45144","16","10","1","0","1","6",NA
"45144","17","10","0","0","0","0",NA
"45144","18","10","2","0","2","12",NA
"45144","19","10","2","0","2","12",NA
"45144","20","10","0","0","0","0",NA
"45144","21","10","1","0","1","6",NA
"45144","22","10","1","0","1","6",NA
"45144","23","10","0","0","0","0",NA
"45145","0","10","0","1","-1","-6",NA
"45145","1","10","0","0","0","0",NA
"45145","2","10","0","0","0","0",NA
"45145","3","10","0","1","-1","-6",NA
"45145","4","10","0","0","0","0",NA
"45145","5","10","0","0","0","0",NA
"45145","6","10","0","0","0","0",NA
"45145","7","10","0","0","0","0",NA
"45145","8","10","1","0","1","6",NA
"45145","9","10","4","1","3","18",NA
"45145","10","10","0","0","0","0",NA
"45145","11","10","0","0","0","0",NA
"45145","12","10","5","0","5","30",NA
"45145","13","10","0","0","0","0",NA
"45145","14","10","1","0","1","6",NA
"45145","15","10","1","1","0","0",NA
"45145","16","10","1","0","1","6",NA
"45145","17","10","1","0","1","6",NA
"45145","18","10","1","0","1","6",NA
"45145","19","10","1","1","0","0",NA
"45145","20","10","3","0","3","18",NA
"45145","21","10","1","0","1","6",NA
"45145","22","10","1","0","1","6",NA
"45145","23","10","1","0","1","6",NA
"45146","0","10","1","0","1","6",NA
"45146","1","10","0","0","0","0",NA
"45146","2","10","0","0","0","0",NA
"45146","3","10","0","0","0","0",NA
"45146","4","10","0","0","0","0",NA
"45146","5","10","3","0","3","18",NA
"45146","6","10","0","0","0","0",NA
"45146","7","10","1","0","1","6",NA
"45146","8","10","3","0","3","18",NA
"45146","9","10","2","0","2","12",NA
"45146","10","10","4","0","4","24",NA
"45146","11","10","3","0","3","18",NA
"45146","12","10","0","0","0","0",NA
"45146","13","10","1","0","1","6",NA
"45146","14","10","2","0","2","12",NA
"45146","15","10","0","0","0","0",NA
"45146","16","10","1","0","1","6",NA
"45146","17","10","1","0","1","6",NA
"45146","18","10","8","0","8","48",NA
"45146","19","10","3","0","3","18",NA
"45146","20","10","1","0","1","6",NA
"45146","21","10","0","0","0","0",NA
"45146","22","10","1","1","0","0",NA
"45146","23","10","1","0","1","6",NA
"45147","0","10","0","0","0","0",NA
"45147","1","10","0","0","0","0",NA
"45147","2","10","2","0","2","12",NA
"45147","3","10","0","0","0","0",NA
"45147","4","10","0","0","0","0",NA
"45147","5","10","0","0","0","0",NA
"45147","6","10","3","0","3","18",NA
"45147","7","10","2","0","2","12",NA
"45147","8","10","5","0","5","30",NA
"45147","9","10","3","0","3","18",NA
"45147","10","10","0","0","0","0",NA
"45147","11","10","4","0","4","24",NA
"45147","12","10","1","0","1","6",NA
"45147","13","10","8","0","8","48",NA
"45147","14","10","1","0","1","6",NA
"45147","15","10","6","0","6","36",NA
"45147","16","10","4","0","4","24",NA
"45147","17","10","3","0","3","18",NA
"45147","18","10","1","0","1","6",NA
"45147","19","10","4","0","4","24",NA
"45147","20","10","1","0","1","6",NA
"45147","21","10","1","0","1","6",NA
"45147","22","10","1","0","1","6",NA
"45147","23","10","0","0","0","0",NA
"45148","0","10","1","0","1","6",NA
"45148","1","10","0","0","0","0",NA
"45148","2","10","0","0","0","0",NA
"45148","3","10","1","0","1","6",NA
"45148","4","10","0","0","0","0",NA
"45148","5","10","0","0","0","0",NA
"45148","6","10","1","0","1","6",NA
"45148","7","10","2","0","2","12",NA
"45148","8","10","18","0","18","108",NA
"45148","9","10","4","0","4","24",NA
"45148","10","10","1","0","1","6",NA
"45148","11","10","1","0","1","6",NA
"45148","12","10","2","0","2","12",NA
"45148","13","10","0","0","0","0",NA
"45148","14","10","2","0","2","12",NA
"45148","15","10","2","0","2","12",NA
"45148","16","10","0","0","0","0",NA
"45148","17","10","4","0","4","24",NA
"45148","18","10","0","0","0","0",NA
"45148","19","10","0","0","0","0",NA
"45148","20","10","0","0","0","0",NA
"45148","21","10","0","0","0","0",NA
"45148","22","10","0","0","0","0",NA
"45148","23","10","1","0","1","6",NA
"45149","0","10","1","1","0","0",NA
"45149","1","10","1","0","1","6",NA
"45149","2","10","5","0","5","30",NA
"45149","3","10","2","0","2","12",NA
"45149","4","10","0","0","0","0",NA
"45149","5","10","0","0","0","0",NA
"45149","6","10","0","0","0","0",NA
"45149","7","10","0","0","0","0",NA
"45149","8","10","0","0","0","0",NA
"45149","9","10","0","0","0","0",NA
"45149","10","10","2","0","2","12",NA
"45149","11","10","3","0","3","18",NA
"45149","12","10","1","0","1","6",NA
"45149","13","10","3","0","3","18",NA
"45149","14","10","2","0","2","12",NA
"45149","15","10","2","0","2","12",NA
"45149","16","10","1","1","0","0",NA
"45149","17","10","4","0","4","24",NA
"45149","18","10","4","0","4","24",NA
"45149","19","10","1","0","1","6",NA
"45149","20","10","6","1","5","30",NA
"45149","21","10","5","0","5","30",NA
"45149","22","10","2","0","2","12",NA
"45149","23","10","3","0","3","18",NA
"45150","0","10","3","1","2","12",NA
"45150","1","10","0","1","-1","-6",NA
"45150","2","10","0","1","-1","-6",NA
"45150","3","10","3","0","3","18",NA
"45150","4","10","0","0","0","0",NA
"45150","5","10","3","0","3","18",NA
"45150","6","10","7","0","7","42",NA
"45150","7","10","8","0","8","48",NA
"45150","8","10","7","0","7","42",NA
"45150","9","10","3","0","3","18",NA
"45150","10","10","7","0","7","42",NA
"45150","11","10","1","0","1","6",NA
"45150","12","10","8","0","8","48",NA
"45150","13","10","6","0","6","36",NA
"45150","14","10","5","0","5","30",NA
"45150","15","10","3","0","3","18",NA
"45150","16","10","6","0","6","36",NA
"45150","17","10","3","0","3","18",NA
"45150","18","10","2","1","1","6",NA
"45150","19","10","9","0","9","54",NA
"45150","20","10","2","0","2","12",NA
"45150","21","10","2","0","2","12",NA
"45150","22","10","3","0","3","18",NA
"45150","23","10","4","0","4","24",NA
"45151","0","10","2","0","2","12",NA
"45151","1","10","2","0","2","12",NA
"45151","2","10","4","0","4","24",NA
"45151","3","10","3","0","3","18",NA
"45151","4","10","2","0","2","12",NA
"45151","5","10","0","0","0","0",NA
"45151","6","10","6","0","6","36",NA
"45151","7","10","2","0","2","12",NA
"45151","8","10","10","0","10","60",NA
"45151","9","10","3","0","3","18",NA
"45151","10","10","5","0","5","30",NA
"45151","11","10","3","0","3","18",NA
"45151","12","10","0","0","0","0",NA
"45151","13","10","0","0","0","0",NA
"45151","14","10","6","0","6","36",NA
"45151","15","10","2","0","2","12",NA
"45151","16","10","8","0","8","48",NA
"45151","17","10","0","0","0","0",NA
"45151","18","10","0","0","0","0",NA
"45151","19","10","0","0","0","0",NA
"45151","20","10","0","0","0","0",NA
"45151","21",NA,NA,NA,NA,"12","No file, computer crashed. RB used to estimate LB"
"45151","22",NA,NA,NA,NA,"12","No file, computer crashed. RB used to estimate LB"
"45151","23",NA,NA,NA,NA,"12","No file, computer crashed. RB used to estimate LB"
"45152","0",NA,NA,NA,NA,"0","No file, computer crashed. RB used to estimate LB"
"45152","1",NA,NA,NA,NA,"6","No file, computer crashed. RB used to estimate LB"
"45152","2",NA,NA,NA,NA,"0","No file, computer crashed. RB used to estimate LB"
"45152","3",NA,NA,NA,NA,"6","No file, computer crashed. RB used to estimate LB"
"45152","4",NA,NA,NA,NA,"6","No file, computer crashed. RB used to estimate LB"
"45152","5",NA,NA,NA,NA,"6","No file, computer crashed. RB used to estimate LB"
"45152","6",NA,NA,NA,NA,"0","No file, computer crashed. RB used to estimate LB"
"45152","7",NA,NA,NA,NA,"0","No file, computer crashed. RB used to estimate LB"
"45152","8",NA,NA,NA,NA,"0","No file, computer crashed. RB used to estimate LB"
"45152","9",NA,NA,NA,NA,"0","No file, computer crashed. RB used to estimate LB"
"45152","10","10","4","0","4","24",NA
"45152","11","10","0","0","0","0",NA
"45152","12","10","0","1","-1","-6",NA
"45152","13","10","0","0","0","0",NA
"45152","14","10","2","0","2","12",NA
"45152","15","10","2","0","2","12",NA
"45152","16","10","2","0","2","12",NA
"45152","17","10","4","0","4","24",NA
"45152","18","10","0","0","0","0",NA
"45152","19","10","0","0","0","0",NA
"45152","20","10","3","0","3","18",NA
"45152","21","10","1","0","1","6",NA
"45152","22","10","6","0","6","36",NA
"45152","23","10","3","0","3","18",NA
"45153","0","10","5","0","5","30",NA
"45153","1","10","7","0","7","42",NA
"45153","2","10","2","0","2","12",NA
"45153","3","10","4","0","4","24",NA
"45153","4","10","4","0","4","24",NA
"45153","5","10","0","0","0","0",NA
"45153","6","10","0","0","0","0",NA
"45153","7","10","0","0","0","0",NA
"45153","8","10","2","0","2","12",NA
"45153","9","10","0","0","0","0",NA
"45153","10","10","0","0","0","0",NA
"45153","11","10","0","0","0","0",NA
"45153","12","10","0","0","0","0",NA
"45153","13","10","0","0","0","0",NA
"45153","14","10","1","0","1","6",NA
"45153","15","10","0","0","0","0",NA
"45153","16","10","0","0","0","0",NA
"45153","17","10","0","0","0","0",NA
"45153","18","10","0","0","0","0",NA
"45153","19","10","5","0","5","30",NA
"45153","20","10","0","0","0","0",NA
"45153","21","10","0","0","0","0",NA
"45153","22","10","3","0","3","18",NA
"45153","23","10","3","0","3","18",NA
"45154","0","10","2","0","2","12",NA
"45154","1","10","1","0","1","6",NA
"45154","2","10","1","0","1","6",NA
"45154","3","10","5","0","5","30",NA
"45154","4","10","5","0","5","30",NA
"45154","5","10","1","0","1","6",NA
"45154","6","10","1","0","1","6",NA
"45154","7","10","15","0","15","90",NA
"45154","8","10","4","0","4","24",NA
"45154","9","10","2","0","2","12",NA
"45154","10","10","1","0","1","6",NA
"45154","11","10","4","0","4","24",NA
"45154","12","10","0","0","0","0",NA
"45154","13","10","4","0","4","24",NA
"45154","14","10","3","0","3","18",NA
"45154","15","10","2","0","2","12",NA
"45154","16","10","6","0","6","36",NA
"45154","17","10","0","0","0","0",NA
"45154","18","10","0","0","0","0",NA
"45154","19","10","3","0","3","18",NA
"45154","20","10","0","0","0","0",NA
"45154","21","10","0","0","0","0",NA
"45154","22","10","5","0","5","30",NA
"45154","23","10","0","0","0","0",NA
"45155","0","10","1","0","1","6",NA
"45155","1","10","1","0","1","6",NA
"45155","2","10","1","0","1","6",NA
"45155","3","10","3","0","3","18",NA
"45155","4","10","1","0","1","6",NA
"45155","5","10","1","0","1","6",NA
"45155","6","10","0","0","0","0",NA
"45155","7","10","0","0","0","0",NA
"45155","8","10","1","0","1","6",NA
"45155","9","10","0","0","0","0",NA
"45155","10","10","0","1","-1","-6",NA
"45155","11","10","1","0","1","6",NA
"45155","12","10","1","0","1","6",NA
"45155","13","10","1","0","1","6",NA
"45155","14","10","1","0","1","6",NA
"45155","15","10","1","0","1","6",NA
"45155","16","10","0","0","0","0",NA
"45155","17","10","0","0","0","0",NA
"45155","18","10","0","0","0","0",NA
"45155","19","10","3","0","3","18",NA
"45155","20","10","2","0","2","12",NA
"45155","21","10","0","0","0","0",NA
"45155","22","10","2","0","2","12",NA
"45155","23","10","6","0","6","36",NA
"45156","0","10","2","0","2","12",NA
"45156","1","10","6","0","6","36",NA
"45156","2","10","2","0","2","12",NA
"45156","3","10","2","0","2","12",NA
"45156","4","10","3","0","3","18",NA
"45156","5","10","1","0","1","6",NA
"45156","6","10","0","0","0","0",NA
"45156","7","10","4","0","4","24",NA
"45156","8","10","3","0","3","18",NA
"45156","9","10","0","0","0","0",NA
"45156","10","10","0","1","-1","-6",NA
"45156","11","10","0","0","0","0","Sonar off due to maintenance, migration count estimated using RB LF LR count"
"45156","12","10","0","0","0","0","Sonar off due to maintenance, migration count estimated using RB LF LR count"
"45156","13","10","0","0","0","0","Sonar off due to maintenance, migration count estimated using RB LF LR count"
"45156","14","10","0","0","0","0",NA
"45156","15","10","0","0","0","0",NA
"45156","16","10","0","0","0","0",NA
"45156","17","10","0","0","0","0",NA
"45156","18","10","0","0","0","0",NA
"45156","19","10","18","0","18","108",NA
"45156","20","10","9","0","9","54",NA
"45156","21","10","4","0","4","24",NA
"45156","22","10","13","0","13","78",NA
"45156","23","10","2","0","2","12",NA
"45157","0","10","3","0","3","18",NA
"45157","1","10","3","0","3","18",NA
"45157","2","10","8","0","8","48",NA
"45157","3","10","4","0","4","24",NA
"45157","4","10","7","0","7","42",NA
"45157","5","10","0","0","0","0",NA
"45157","6","10","1","0","1","6",NA
"45157","7","10","1","0","1","6",NA
"45157","8","10","11","0","11","66",NA
"45157","9","10","4","0","4","24",NA
"45157","10","10","11","0","11","66",NA
"45157","11","10","2","0","2","12",NA
"45157","12","10","9","0","9","54",NA
"45157","13","10","14","0","14","84",NA
"45157","14","10","5","0","5","30",NA
"45157","15","10","10","0","10","60",NA
"45157","16","10","14","0","14","84",NA
"45157","17","10","34","0","34","204",NA
"45157","18","10","3","0","3","18",NA
"45157","19","10","15","0","15","90",NA
"45157","20","10","17","0","17","102",NA
"45157","21","10","2","0","2","12",NA
"45157","22","10","8","0","8","48",NA
"45157","23","10","3","1","2","12",NA
"45158","0","10","1","0","1","6",NA
"45158","1","10","2","0","2","12",NA
"45158","2","10","9","0","9","54",NA
"45158","3","10","2","0","2","12",NA
"45158","4","10","4","0","4","24",NA
"45158","5","10","0","0","0","0",NA
"45158","6","10","1","0","1","6",NA
"45158","7","10","9","0","9","54",NA
"45158","8","10","1","0","1","6",NA
"45158","9","10","3","0","3","18",NA
"45158","10","10","3","0","3","18",NA
"45158","11","10","2","0","2","12",NA
"45158","12","10","5","0","5","30",NA
"45158","13","10","4","0","4","24",NA
"45158","14","10","0","1","-1","-6",NA
"45158","15","10","0","0","0","0",NA
"45158","16","10","3","0","3","18",NA
"45158","17","10","2","0","2","12",NA
"45158","18","10","1","0","1","6",NA
"45158","19","10","0","0","0","0",NA
"45158","20","10","0","0","0","0",NA
"45158","21","10","0","0","0","0",NA
"45158","22","10","2","0","2","12",NA
"45158","23","10","3","0","3","18",NA
"45159","0","10","0","0","0","0",NA
"45159","1","10","0","0","0","0",NA
"45159","2","10","0","0","0","0",NA
"45159","3","10","4","0","4","24",NA
"45159","4","10","0","0","0","0",NA
"45159","5","10","1","0","1","6",NA
"45159","6","10","1","0","1","6",NA
"45159","7","10","1","0","1","6",NA
"45159","8","10","2","0","2","12",NA
"45159","9","10","0","0","0","0",NA
"45159","10","10","2","0","2","12",NA
"45159","11","10","0","0","0","0",NA
"45159","12","10","0","1","-1","-6",NA
"45159","13","10","3","1","2","12",NA
"45159","14","10","1","0","1","6",NA
"45159","15","10","1","0","1","6",NA
"45159","16","10","0","0","0","0",NA
"45159","17","10","1","0","1","6",NA
"45159","18","10","1","0","1","6",NA
"45159","19","10","7","0","7","42",NA
"45159","20","10","1","0","1","6",NA
"45159","21","10","0","0","0","0",NA
"45159","22","10","1","0","1","6",NA
"45159","23","10","1","0","1","6",NA
"45160","0","10","6","0","6","36",NA
"45160","1","10","4","0","4","24",NA
"45160","2","10","3","0","3","18",NA
"45160","3","10","1","0","1","6",NA
"45160","4","10","1","0","1","6",NA
"45160","5","10","1","0","1","6",NA
"45160","6","10","2","0","2","12",NA
"45160","7","10","10","0","10","60",NA
"45160","8","10","1","0","1","6",NA
"45160","9","10","1","0","1","6",NA
"45160","10","10","2","0","2","12",NA
"45160","11","10","0","0","0","0",NA
"45160","12","10","2","0","2","12",NA
"45160","13","10","1","0","1","6",NA
"45160","14","10","0","0","0","0",NA
"45160","15","10","5","0","5","30",NA
"45160","16","10","0","0","0","0",NA
"45160","17","10","1","0","1","6",NA
"45160","18","10","0","1","-1","-6",NA
"45160","19","10","26","0","26","156",NA
"45160","20","10","11","0","11","66",NA
"45160","21","10","4","0","4","24",NA
"45160","22","10","17","0","17","102",NA
"45160","23","10","12","0","12","72",NA
"45161","0","10","4","0","4","24",NA
"45161","1","10","7","0","7","42",NA
"45161","2","10","3","0","3","18",NA
"45161","3","10","5","0","5","30",NA
"45161","4","10","7","0","7","42",NA
"45161","5","10","8","0","8","48",NA
"45161","6","10","7","0","7","42",NA
"45161","7","10","14","0","14","84",NA
"45161","8","10","27","0","27","162",NA
"45161","9","10","21","0","21","126",NA
"45161","10","10","19","1","18","108",NA
"45161","11","10","14","0","14","84",NA
"45161","12","10","112","0","112","672",NA
"45161","13","10","21","1","20","120",NA
"45161","14","10","46","0","46","276",NA
"45161","15","10","49","0","49","294",NA
"45161","16","10","23","2","21","126",NA
"45161","17","10","13","0","13","78",NA
"45161","18","10","29","0","29","174",NA
"45161","19","10","21","0","21","126",NA
"45161","20","10","0","0","0","0",NA
"45161","21","10","9","0","9","54",NA
"45161","22","10","6","0","6","36",NA
"45161","23","10","10","0","10","60",NA
"45162","0","10","4","0","4","24",NA
"45162","1","10","11","0","11","66",NA
"45162","2","10","3","0","3","18",NA
"45162","3","10","2","0","2","12",NA
"45162","4","10","5","0","5","30",NA
"45162","5","10","0","0","0","0",NA
"45162","6","10","2","0","2","12",NA
"45162","7","10","4","0","4","24",NA
"45162","8","10","2","0","2","12",NA
"45162","9","10","0","0","0","0",NA
"45162","10","10","1","0","1","6",NA
"45162","11","10","0","0","0","0",NA
"45162","12","10","0","0","0","0",NA
"45162","13","10","12","2","10","60",NA
"45162","14","10","3","0","3","18",NA
"45162","15","10","1","1","0","0",NA
"45162","16","10","0","1","-1","-6",NA
"45162","17","10","3","0","3","18",NA
"45162","18","10","1","0","1","6",NA
"45162","19","10","5","0","5","30",NA
"45162","20","10","4","0","4","24",NA
"45162","21","10","3","0","3","18",NA
"45162","22","10","7","1","6","36",NA
"45162","23","10","7","0","7","42",NA
"45163","0","10","7","0","7","42",NA
"45163","1","10","7","1","6","36",NA
"45163","2","10","5","0","5","30",NA
"45163","3","10","4","0","4","24",NA
"45163","4","10","3","0","3","18",NA
"45163","5","10","2","0","2","12",NA
"45163","6","10","0","0","0","0",NA
"45163","7","10","36","0","36","216",NA
"45163","8","10","1","0","1","6",NA
"45163","9","10","6","0","6","36",NA
"45163","10","10","3","0","3","18",NA
"45163","11","10","0","0","0","0",NA
"45163","12","10","0","0","0","0",NA
"45163","13","10","0","0","0","0",NA
"45163","14","10","0","0","0","0",NA
"45163","15","10","1","0","1","6",NA
"45163","16","10","0","0","0","0",NA
"45163","17","10","2","0","2","12",NA
"45163","18","10","3","0","3","18",NA
"45163","19","10","4","1","3","18",NA
"45163","20","10","15","1","14","84",NA
"45163","21","10","1","1","0","0",NA
"45163","22","10","3","2","1","6",NA
"45163","23","10","2","0","2","12",NA
"45164","0","10","10","0","10","60",NA
"45164","1","10","2","0","2","12",NA
"45164","2","10","3","1","2","12",NA
"45164","3","10","2","0","2","12",NA
"45164","4","10","4","0","4","24",NA
"45164","5","10","0","0","0","0",NA
"45164","6","10","1","0","1","6",NA
"45164","7","10","33","0","33","198",NA
"45164","8","10","8","0","8","48",NA
"45164","9","10","0","1","-1","-6",NA
"45164","10","10","5","1","4","24",NA
"45164","11","10","3","0","3","18",NA
"45164","12","10","5","0","5","30",NA
"45164","13","10","7","0","7","42",NA
"45164","14","10","5","0","5","30",NA
"45164","15","10","29","0","29","174",NA
"45164","16","10","48","0","48","288",NA
"45164","17","10","10","0","10","60",NA
"45164","18","10","7","0","7","42",NA
"45164","19","10","11","0","11","66",NA
"45164","20","10","3","0","3","18",NA
"45164","21","10","6","0","6","36",NA
"45164","22","10","5","0","5","30",NA
"45164","23","10","3","0","3","18",NA
"45165","0","10","4","0","4","24",NA
"45165","1","10","4","0","4","24",NA
"45165","2","10","4","0","4","24",NA
"45165","3","10","9","0","9","54",NA
"45165","4","10","8","0","8","48",NA
"45165","5","10","6","1","5","30",NA
"45165","6","10","0","0","0","0",NA
"45165","7","10","15","0","15","90",NA
"45165","8","10","4","1","3","18",NA
"45165","9","10","1","1","0","0",NA
"45165","10","10","3","0","3","18",NA
"45165","11","10","1","0","1","6",NA
"45165","12","10","0","1","-1","-6",NA
"45165","13","10","22","0","22","132",NA
"45165","14","10","20","0","20","120",NA
"45165","15","10","17","0","17","102",NA
"45165","16","10","17","1","16","96",NA
"45165","17","10","5","1","4","24",NA
"45165","18","10","1","0","1","6",NA
"45165","19","10","4","1","3","18",NA
"45165","20","10","2","0","2","12",NA
"45165","21","10","2","0","2","12",NA
"45165","22","10","4","0","4","24",NA
"45165","23","10","1","0","1","6",NA
"45166","0","10","1","0","1","6",NA
"45166","1","10","0","0","0","0",NA
"45166","2","10","1","0","1","6",NA
"45166","3","10","0","0","0","0",NA
"45166","4","10","0","0","0","0",NA
"45166","5","10","0","1","-1","-6",NA
"45166","6","10","0","0","0","0",NA
"45166","7","10","5","1","4","24",NA
"45166","8","10","0","0","0","0",NA
"45166","9","10","1","0","1","6",NA
"45166","10","10","0","0","0","0",NA
"45166","11","10","0","0","0","0",NA
"45166","12","10","1","0","1","6",NA
"45166","13","10","0","0","0","0",NA
"45166","14","10","3","0","3","18",NA
"45166","15","10","7","0","7","42",NA
"45166","16","10","0","0","0","0",NA
"45166","17","10","1","0","1","6",NA
"45166","18","10","0","0","0","0",NA
"45166","19","10","2","0","2","12",NA
"45166","20","10","0","0","0","0",NA
"45166","21","10","0","0","0","0",NA
"45166","22","10","0","0","0","0",NA
"45166","23","10","0","0","0","0",NA
"45167","0","10","0","0","0","0",NA
"45167","1","10","0","0","0","0",NA
"45167","2","10","0","0","0","0",NA
"45167","3","10","1","0","1","6",NA
"45167","4","10","2","0","2","12",NA
"45167","5","10","4","0","4","24",NA
"45167","6","10","3","0","3","18",NA
"45167","7","10","2","1","1","6",NA
"45167","8","10","3","0","3","18",NA
"45167","9","10","1","0","1","6",NA
"45167","10","10","0","0","0","0",NA
"45167","11","10","1","1","0","0",NA
"45167","12","10","1","2","-1","-6",NA
"45167","13","10","0","1","-1","-6",NA
"45167","14","10","1","1","0","0",NA
"45167","15","10","1","0","1","6",NA
"45167","16","10","0","2","-2","-12",NA
"45167","17","10","0","0","0","0",NA
"45167","18","10","0","0","0","0",NA
"45167","19","10","2","1","1","6",NA
"45167","20","10","1","1","0","0",NA
"45167","21","10","1","7","-6","-36",NA
"45167","22","10","2","4","-2","-12",NA
"45167","23","10","1","3","-2","-12",NA
"45168","0","10","0","0","0","0",NA
"45168","1","10","0","0","0","0",NA
"45168","2","10","0","0","0","0",NA
"45168","3","10","1","3","-2","-12",NA
"45168","4","10","0","0","0","0",NA
"45168","5","10","1","0","1","6",NA
"45168","6","10","0","0","0","0",NA
"45168","7","10","1","0","1","6",NA
"45168","8","10","2","1","1","6",NA
"45168","9","10","1","1","0","0",NA
"45168","10","10","0","0","0","0",NA
"45168","11","10","1","1","0","0",NA
"45168","12","10","0","1","-1","-6",NA
"45168","13","10","0","0","0","0",NA
"45168","14","10","0","0","0","0",NA
"45168","15","10","0","0","0","0",NA
"45168","16","10","0","0","0","0",NA
"45168","17","10","0","0","0","0",NA
"45168","18","10","1","1","0","0",NA
"45168","19","10","7","3","4","24",NA
"45168","20","10","0","0","0","0",NA
"45168","21","10","0","0","0","0",NA
"45168","22","10","0","0","0","0",NA
"45168","23","10","1","0","1","6",NA
"45169","0","10","0","0","0","0",NA
"45169","1","10","1","0","1","6",NA
"45169","2","10","0","0","0","0",NA
"45169","3","10","0","1","-1","-6",NA
"45169","4","10","0","1","-1","-6",NA
"45169","5","10","0","0","0","0",NA
"45169","6","10","0","0","0","0",NA
"45169","7","10","6","0","6","36",NA
"45169","8","10","3","0","3","18",NA
"45169","9","10","0","0","0","0",NA
"45169","10","10","0","0","0","0",NA
"45169","11","10","0","1","-1","-6",NA
"45169","12","10","0","0","0","0",NA
"45169","13","10","1","0","1","6",NA
"45169","14","10","0","0","0","0",NA
"45169","15","10","0","0","0","0",NA
"45169","16","10","1","0","1","6",NA
"45169","17","10","1","0","1","6",NA
"45169","18","10","0","0","0","0",NA
"45169","19","10","2","0","2","12",NA
"45169","20","10","0","0","0","0",NA
"45169","21","10","3","0","3","18",NA
"45169","22","10","0","0","0","0",NA
"45169","23","10","0","0","0","0",NA
"45170","0","10","0","0","0","0",NA
"45170","1","10","0","0","0","0",NA
"45170","2","10","0","0","0","0",NA
"45170","3","10","0","0","0","0",NA
"45170","4","10","0","0","0","0",NA
"45170","5","10","0","0","0","0",NA
"45170","6","10","0","0","0","0",NA
"45170","7","10","2","2","0","0",NA
"45170","8","10","1","0","1","6",NA
"45170","9","10","0","0","0","0",NA
"45170","10","10","0","1","-1","-6",NA
"45170","11","10","0","0","0","0",NA
"45170","12","10","1","0","1","6",NA
"45170","13","10","0","0","0","0",NA
"45170","14","10","3","0","3","18",NA
"45170","15","10","24","0","24","144",NA
"45170","16","10","1","1","0","0",NA
"45170","17","10","3","0","3","18",NA
"45170","18","10","1","0","1","6",NA
"45170","19","10","0","0","0","0",NA
"45170","20","10","0","1","-1","-6",NA
"45170","21","10","3","0","3","18",NA
"45170","22","10","1","0","1","6",NA
"45170","23","10","2","0","2","12",NA
"45171","0","10","1","1","0","0",NA
"45171","1","10","0","0","0","0",NA
"45171","2","10","0","0","0","0",NA
"45171","3","10","0","0","0","0",NA
"45171","4","10","0","0","0","0",NA
"45171","5","10","0","0","0","0",NA
"45171","6","10","0","0","0","0",NA
"45171","7","10","4","0","4","24",NA
"45171","8","10","0","1","-1","-6",NA
"45171","9","10","1","0","1","6",NA
"45171","10","10","5","0","5","30",NA
"45171","11","10","3","0","3","18",NA
"45171","12","10","5","0","5","30",NA
"45171","13","10","12","0","12","72",NA
"45171","14","10","1","0","1","6",NA
"45171","15","10","4","0","4","24",NA
"45171","16","10","0","0","0","0",NA
"45171","17","10","3","0","3","18",NA
"45171","18","10","8","0","8","48",NA
"45171","19","10","7","0","7","42",NA
"45171","20","10","2","1","1","6",NA
"45171","21","10","3","0","3","18",NA
"45171","22","10","2","0","2","12",NA
"45171","23","10","2","0","2","12",NA
"45172","0","10","0","1","-1","-6",NA
"45172","1","10","0","0","0","0",NA
"45172","2","10","0","0","0","0",NA
"45172","3","10","2","0","2","12",NA
"45172","4","10","0","0","0","0",NA
"45172","5","10","0","2","-2","-12",NA
"45172","6","10","6","0","6","36",NA
"45172","7","10","7","0","7","42",NA
"45172","8","10","4","0","4","24",NA
"45172","9","10","2","0","2","12",NA
"45172","10","10","13","1","12","72",NA
"45172","11","10","3","0","3","18",NA
"45172","12","10","1","1","0","0",NA
"45172","13","10","29","1","28","168",NA
"45172","14","10","3","1","2","12",NA
"45172","15","10","6","1","5","30",NA
"45172","16","10","7","0","7","42",NA
"45172","17","10","2","0","2","12",NA
"45172","18","10","2","0","2","12",NA
"45172","19","10","1","1","0","0",NA
"45172","20","10","2","0","2","12",NA
"45172","21","10","1","0","1","6",NA
"45172","22","10","0","1","-1","-6",NA
"45172","23","10","0","0","0","0",NA
"45173","0","10","1","1","0","0",NA
"45173","1","10","0","0","0","0",NA
"45173","2","10","0","1","-1","-6",NA
"45173","3","10","0","1","-1","-6",NA
"45173","4","10","0","0","0","0",NA
"45173","5","10","1","0","1","6",NA
"45173","6","10","3","0","3","18",NA
"45173","7","10","12","0","12","72",NA
"45173","8","10","6","0","6","36",NA
"45173","9","10","6","1","5","30",NA
"45173","10","10","7","2","5","30",NA
"45173","11","10","3","1","2","12",NA
"45173","12","10","7","0","7","42",NA
"45173","13",NA,NA,NA,NA,"0","Aris glitching. RB used to estimate LB"
"45173","14",NA,NA,NA,NA,"0","Aris glitching. RB used to estimate LB"
"45173","15",NA,NA,NA,NA,"0","Aris glitching. RB used to estimate LB"
"45173","16",NA,NA,NA,NA,"6","Aris glitching. RB used to estimate LB"
"45173","17",NA,NA,NA,NA,"0","Aris glitching. RB used to estimate LB"
"45173","18",NA,NA,NA,NA,"0","Aris glitching. RB used to estimate LB"
"45173","19",NA,NA,NA,NA,"30","Aris glitching. RB used to estimate LB"
"45173","20",NA,NA,NA,NA,"0","Aris glitching. RB used to estimate LB"
"45173","21",NA,NA,NA,NA,"120","Aris glitching. RB used to estimate LB"
"45173","22",NA,NA,NA,NA,"48","Aris glitching. RB used to estimate LB"
"45173","23",NA,NA,NA,NA,"6","Aris glitching. RB used to estimate LB"
"45174","0",NA,NA,NA,NA,"0","Aris glitching. RB used to estimate LB"
"45174","1",NA,NA,NA,NA,"0","Aris glitching. RB used to estimate LB"
"45174","2",NA,NA,NA,NA,"0","Aris glitching. RB used to estimate LB"
"45174","3",NA,NA,NA,NA,"0","Aris glitching. RB used to estimate LB"
"45174","4",NA,NA,NA,NA,"0","Aris glitching. RB used to estimate LB"
"45174","5",NA,NA,NA,NA,"0","Aris glitching. RB used to estimate LB"
"45174","6",NA,NA,NA,NA,"0","Aris glitching. RB used to estimate LB"
"45174","7",NA,NA,NA,NA,"0","Aris glitching. RB used to estimate LB"
"45174","8",NA,NA,NA,NA,"0","Aris glitching. RB used to estimate LB"
"45174","9",NA,NA,NA,NA,"0","Aris glitching. RB used to estimate LB"
"45174","10",NA,NA,NA,NA,"0","Aris glitching. RB used to estimate LB"
"45174","11","10","35","0","35","210",NA
"45174","12","10","2","0","2","12",NA
"45174","13","10","9","0","9","54",NA
"45174","14","10","3","0","3","18",NA
"45174","15","10","205","3","202","1212",NA
"45174","16","10","3","2","1","6",NA
"45174","17","10","13","1","12","72",NA
"45174","18","10","3","0","3","18",NA
"45174","19","10","0","1","-1","-6",NA
"45174","20","10","1","1","0","0",NA
"45174","21","10","2","2","0","0",NA
"45174","22","10","3","1","2","12",NA
"45174","23","10","0","1","-1","-6",NA
"45175","0","10","0","0","0","0",NA
"45175","1","10","1","1","0","0",NA
"45175","2","10","0","0","0","0",NA
"45175","3","10","0","0","0","0",NA
"45175","4","10","0","1","-1","-6",NA
"45175","5","10","0","0","0","0",NA
"45175","6","10","0","0","0","0",NA
"45175","7","10","6","2","4","24",NA
"45175","8","10","3","0","3","18",NA
"45175","9","10","7","1","6","36",NA
"45175","10","10","12","0","12","72",NA
"45175","11","10","20","0","20","120",NA
"45175","12","10","190","0","190","1140",NA
"45175","13","10","284","0","284","1704",NA
"45175","14","10","5","0","5","30",NA
"45175","15","10","20","0","20","120",NA
"45175","16","10","7","1","6","36",NA
"45175","17","10","12","0","12","72",NA
"45175","18","10","2","0","2","12",NA
"45175","19","10","6","0","6","36",NA
"45175","20","10","2","1","1","6",NA
"45175","21","10","1","0","1","6",NA
"45175","22","10","1","2","-1","-6",NA
"45175","23","10","0","0","0","0",NA
"45176","0","10","0","0","0","0",NA
"45176","1","10","0","0","0","0",NA
"45176","2","10","0","0","0","0",NA
"45176","3","10","1","0","1","6",NA
"45176","4","10","0","0","0","0",NA
"45176","5","10","0","0","0","0",NA
"45176","6","10","0","0","0","0",NA
"45176","7","10","31","0","31","186",NA
"45176","8","10","2","0","2","12",NA
"45176","9","10","2","0","2","12",NA
"45176","10","10","1","1","0","0",NA
"45176","11","10","2","0","2","12",NA
"45176","12","10","0","0","0","0",NA
"45176","13","10","3","0","3","18",NA
"45176","14","10","0","0","0","0",NA
"45176","15","10","8","0","8","48",NA
"45176","16","10","14","0","14","84",NA
"45176","17","10","2","0","2","12",NA
"45176","18","10","7","0","7","42",NA
"45176","19","10","12","0","12","72",NA
"45176","20","10","0","0","0","0",NA
"45176","21","10","0","1","-1","-6",NA
"45176","22","10","2","0","2","12",NA
"45176","23","10","1","0","1","6",NA
"45177","0","10","0","0","0","0",NA
"45177","1","10","0","0","0","0",NA
"45177","2","10","0","0","0","0",NA
"45177","3","10","0","0","0","0",NA
"45177","4","10","0","0","0","0",NA
"45177","5","10","0","0","0","0",NA
"45177","6","10","2","0","2","12",NA
"45177","7","10","6","0","6","36",NA
"45177","8","10","2","0","2","12",NA
"45177","9","10","5","0","5","30",NA
"45177","10","10","8","1","7","42",NA
"45177","11","10","2","0","2","12",NA
"45177","12","10","4","0","4","24",NA
"45177","13","10","16","0","16","96",NA
"45177","14","10","12","0","12","72",NA
"45177","15","10","13","1","12","72",NA
"45177","16","10","0","1","-1","-6",NA
"45177","17","10","18","2","16","96",NA
"45177","18","10","8","0","8","48",NA
"45177","19","10","9","0","9","54",NA
"45177","20","10","0","0","0","0",NA
"45177","21","10","3","0","3","18",NA
"45177","22","10","2","0","2","12",NA
"45177","23","10","3","0","3","18",NA
"45178","0","10","0","0","0","0",NA
"45178","1","10","0","0","0","0",NA
"45178","2","10","0","1","-1","-6",NA
"45178","3","10","0","0","0","0",NA
"45178","4","10","1","0","1","6",NA
"45178","5","10","2","0","2","12",NA
"45178","6","10","12","2","10","60",NA
"45178","7","10","2","1","1","6",NA
"45178","8","10","4","2","2","12",NA
"45178","9","10","1","0","1","6",NA
"45178","10","10","4","1","3","18",NA
"45178","11","10","3","1","2","12",NA
"45178","12","10","2","1","1","6",NA
"45178","13","10","11","0","11","66",NA
"45178","14","10","3","3","0","0",NA
"45178","15","10","4","0","4","24",NA
"45178","16","10","4","1","3","18",NA
"45178","17","10","4","0","4","24",NA
"45178","18","10","1","2","-1","-6",NA
"45178","19","10","2","2","0","0",NA
"45178","20","10","3","0","3","18",NA
"45178","21","10","1","0","1","6",NA
"45178","22","10","1","1","0","0",NA
"45178","23","10","0","0","0","0",NA
"45179","0","10","1","0","1","6",NA
"45179","1","10","1","0","1","6",NA
"45179","2","10","0","0","0","0",NA
"45179","3","10","0","0","0","0",NA
"45179","4","10","1","1","0","0",NA
"45179","5","10","0","1","-1","-6",NA
"45179","6","10","1","2","-1","-6",NA
"45179","7","10","20","0","20","120",NA
"45179","8","10","1","0","1","6",NA
"45179","9","10","9","2","7","42",NA
"45179","10","10","10","1","9","54",NA
"45179","11","10","0","0","0","0",NA
"45179","12","10","1","3","-2","-12",NA
"45179","13","10","30","0","30","180",NA
"45179","14","10","59","0","59","354",NA
"45179","15","10","8","0","8","48",NA
"45179","16","10","22","0","22","132",NA
"45179","17","10","3","0","3","18",NA
"45179","18","10","8","2","6","36",NA
"45179","19","10","7","0","7","42",NA
"45179","20","10","3","0","3","18",NA
"45179","21","10","4","1","3","18",NA
"45179","22","10","0","0","0","0",NA
"45179","23","10","1","0","1","6",NA
"45180","0","10","0","0","0","0",NA
"45180","1","10","1","1","0","0",NA
"45180","2","10","0","0","0","0",NA
"45180","3","10","0","0","0","0",NA
"45180","4","10","0","0","0","0",NA
"45180","5","10","1","0","1","6",NA
"45180","6","10","5","0","5","30",NA
"45180","7","10","8","0","8","48",NA
"45180","8","10","6","0","6","36",NA
"45180","9","10","2","3","-1","-6",NA
"45180","10","10","2","0","2","12",NA
"45180","11","10","6","0","6","36",NA
"45180","12","10","1","0","1","6",NA
"45180","13","10","6","1","5","30",NA
"45180","14","10","3","2","1","6",NA
"45180","15","10","3","0","3","18",NA
"45180","16","10","1","2","-1","-6",NA
"45180","17","10","0","2","-2","-12",NA
"45180","18","10","10","6","4","24",NA
"45180","19","10","1","4","-3","-18",NA
"45180","20","10","1","0","1","6",NA
"45180","21","10","2","0","2","12",NA
"45180","22","10","2","2","0","0",NA
"45180","23","10","2","1","1","6",NA
"45181","0","10","0","0","0","0",NA
"45181","1","10","3","1","2","12",NA
"45181","2","10","1","0","1","6",NA
"45181","3","10","0","0","0","0",NA
"45181","4","10","0","1","-1","-6",NA
"45181","5","10","0","0","0","0",NA
"45181","6","10","3","2","1","6",NA
"45181","7","10","2","4","-2","-12",NA
"45181","8","10","6","1","5","30",NA
"45181","9","10","3","2","1","6",NA
"45181","10","10","0","0","0","0",NA
"45181","11","10","4","0","4","24",NA
"45181","12","10","0","0","0","0",NA
"45181","13","10","3","2","1","6",NA
"45181","14","10","0","0","0","0",NA
"45181","15","10","104","1","103","618",NA
"45181","16","10","2","0","2","12",NA
"45181","17","10","0","1","-1","-6",NA
"45181","18","10","1","0","1","6",NA
"45181","19","10","1","0","1","6",NA
"45181","20","10","26","0","26","156",NA
"45181","21","10","1","0","1","6",NA
"45181","22","10","2","0","2","12",NA
"45181","23","10","1","1","0","0",NA
"45182","0","10","0","0","0","0",NA
"45182","1","10","0","1","-1","-6",NA
"45182","2","10","0","0","0","0",NA
"45182","3","10","1","0","1","6",NA
"45182","4","10","0","0","0","0",NA
"45182","5","10","1","0","1","6",NA
"45182","6","10","1","0","1","6",NA
"45182","7","10","5","3","2","12",NA
"45182","8","10","4","0","4","24",NA
"45182","9","10","1","1","0","0",NA
"45182","10","10","2","0","2","12",NA
"45182","11","10","3","3","0","0",NA
"45182","12","10","5","1","4","24",NA
"45182","13","10","10","0","10","60",NA
"45182","14","10","8","0","8","48",NA
"45182","15","10","3","2","1","6",NA
"45182","16","10","2","1","1","6",NA
"45182","17","10","0","1","-1","-6",NA
"45182","18","10","2","1","1","6",NA
"45182","19","10","4","3","1","6",NA
"45182","20","10","8","0","8","48",NA
"45182","21","10","1","1","0","0",NA
"45182","22","10","0","0","0","0",NA
"45182","23","10","0","1","-1","-6",NA
"45183","0","10","2","0","2","12",NA
"45183","1","10","2","0","2","12",NA
"45183","2","10","0","0","0","0",NA
"45183","3","10","1","0","1","6",NA
"45183","4","10","1","0","1","6",NA
"45183","5","10","1","1","0","0",NA
"45183","6","10","2","0","2","12",NA
"45183","7","10","5","5","0","0",NA
"45183","8","10","0","3","-3","-18",NA
"45183","9","10","0","3","-3","-18",NA
"45183","10","10","2","5","-3","-18",NA
"45183","11","10","1","2","-1","-6",NA
"45183","12","10","0","2","-2","-12",NA
"45183","13","10","4","1","3","18",NA
"45183","14","10","5","2","3","18",NA
"45183","15","10","4","2","2","12",NA
"45183","16","10","2","6","-4","-24",NA
"45183","17","10","2","9","-7","-42",NA
"45183","18","10","3","2","1","6",NA
"45183","19","10","2","1","1","6",NA
"45183","20","10","0","3","-3","-18",NA
"45183","21","10","5","0","5","30",NA
"45183","22","10","0","0","0","0",NA
"45183","23","10","1","0","1","6",NA
"45184","0","10","0","0","0","0",NA
"45184","1","10","4","0","4","24",NA
"45184","2","10","1","0","1","6",NA
"45184","3","10","0","0","0","0",NA
"45184","4","10","0","0","0","0",NA
"45184","5","10","0","0","0","0",NA
"45184","6","10","3","0","3","18",NA
"45184","7","10","11","2","9","54",NA
"45184","8","10","0","3","-3","-18",NA
"45184","9","10","22","2","20","120",NA
"45184","10","10","1","0","1","6",NA
"45184","11","10","0","1","-1","-6",NA
"45184","12","10","2","2","0","0",NA
"45184","13","10","1","3","-2","-12",NA
"45184","14","10","20","7","13","78",NA
"45184","15","10","1","3","-2","-12",NA
"45184","16","10","6","4","2","12",NA
"45184","17","10","4","5","-1","-6",NA
"45184","18","10","8","5","3","18",NA
"45184","19","10","0","4","-4","-24",NA
"45184","20","10","2","3","-1","-6",NA
"45184","21","10","5","2","3","18",NA
"45184","22","10","3","3","0","0",NA
"45184","23","10","1","3","-2","-12",NA
"45185","0","10","0","2","-2","-12",NA
"45185","1","10","0","2","-2","-12",NA
"45185","2","10","0","0","0","0",NA
"45185","3","10","1","0","1","6",NA
"45185","4","10","0","0","0","0",NA
"45185","5","10","0","1","-1","-6",NA
"45185","6","10","3","1","2","12",NA
"45185","7","10","5","2","3","18",NA
"45185","8","10","0","6","-6","-36",NA
"45185","9","10","0","0","0","0",NA
"45185","10","10","0","2","-2","-12",NA
"45185","11","10","0","7","-7","-42",NA
"45185","12","10","0","5","-5","-30",NA
"45185","13","10","0","4","-4","-24",NA
"45185","14","10","0","0","0","0",NA
"45185","15","10","3","1","2","12",NA
"45185","16","10","1","0","1","6",NA
"45185","17","10","21","2","19","114",NA
"45185","18","10","1","1","0","0",NA
"45185","19","10","2","1","1","6",NA
"45185","20","10","1","2","-1","-6",NA
"45185","21","10","0","1","-1","-6",NA
"45185","22","10","1","1","0","0",NA
"45185","23","10","2","0","2","12",NA
"45186","0","10","1","0","1","6",NA
"45186","1","10","0","0","0","0",NA
"45186","2","10","0","1","-1","-6",NA
"45186","3","10","0","1","-1","-6",NA
"45186","4","10","1","1","0","0",NA
"45186","5","10","0","1","-1","-6",NA
"45186","6","10","1","1","0","0",NA
"45186","7","10","4","2","2","12",NA
"45186","8","10","5","3","2","12",NA
"45186","9","10","1","8","-7","-42",NA
"45186","10","10","1","4","-3","-18",NA
"45186","11","10","1","4","-3","-18",NA
"45186","12","10","0","0","0","0",NA
"45186","13","10","9","2","7","42",NA
"45186","14","10","5","7","-2","-12",NA
"45186","15","10","4","2","2","12",NA
"45186","16","10","4","6","-2","-12",NA
"45186","17","10","2","2","0","0",NA
"45186","18","10","0","0","0","0",NA
"45186","19","10","4","1","3","18",NA
"45186","20","10","7","0","7","42",NA
"45186","21","10","5","0","5","30",NA
"45186","22","10","1","2","-1","-6",NA
"45186","23","10","0","0","0","0",NA
"45187","0","10","2","2","0","0",NA
"45187","1","10","2","2","0","0",NA
"45187","2","10","2","1","1","6",NA
"45187","3","10","1","0","1","6",NA
"45187","4","10","0","0","0","0",NA
"45187","5","10","0","1","-1","-6",NA
"45187","6","10","0","1","-1","-6",NA
"45187","7","10","5","3","2","12",NA
"45187","8","10","1","10","-9","-54",NA
"45187","9","10","1","4","-3","-18",NA
"45187","10","10","1","6","-5","-30",NA
"45187","11","10","2","4","-2","-12",NA
"45187","12","10","4","7","-3","-18",NA
"45187","13","10","4","2","2","12",NA
"45187","14","10","0","3","-3","-18",NA
"45187","15","10","2","4","-2","-12",NA
"45187","16","10","0","7","-7","-42",NA
"45187","17","10","1","2","-1","-6",NA
"45187","18","10","1","7","-6","-36",NA
"45187","19","10","0","5","-5","-30",NA
"45187","20","10","0","1","-1","-6",NA
"45187","21","10","1","2","-1","-6",NA
"45187","22","10","1","5","-4","-24",NA
"45187","23","10","0","6","-6","-36",NA
"45188","0","10","1","1","0","0",NA
"45188","1","10","0","0","0","0",NA
"45188","2","10","1","0","1","6",NA
"45188","3","10","0","1","-1","-6",NA
"45188","4","10","0","1","-1","-6",NA
"45188","5","10","0","0","0","0",NA
"45188","6","10","1","1","0","0",NA
"45188","7","10","2","1","1","6",NA
"45188","8","10","0","4","-4","-24",NA
"45188","9","10","0","1","-1","-6",NA
"45188","10","10","0","1","-1","-6",NA
"45188","11","10","0","1","-1","-6",NA
"45188","12","10","0","0","0","0",NA
"45188","13","10","2","2","0","0",NA
"45188","14","10","0","0","0","0",NA
"45188","15","10","0","0","0","0",NA
"45188","16","10","0","2","-2","-12",NA
"45188","17","10","0","1","-1","-6",NA
"45188","18","10","0","2","-2","-12",NA
"45188","19","10","1","2","-1","-6",NA
"45188","20","10","3","1","2","12",NA
"45188","21","10","4","1","3","18",NA
"45188","22","10","2","0","2","12",NA
"45188","23","10","1","1","0","0",NA
"45189","0","10","0","1","-1","-6",NA
"45189","1","10","0","0","0","0",NA
"45189","2","10","0","1","-1","-6",NA
"45189","3","10","0","1","-1","-6",NA
"45189","4","10","0","0","0","0",NA
"45189","5","10","1","0","1","6",NA
"45189","6","10","1","1","0","0",NA
"45189","7","10","1","0","1","6",NA
"45189","8","10","0","4","-4","-24",NA
"45189","9","10","0","2","-2","-12",NA
"45189","10","10","1","2","-1","-6",NA
"45189","11","10","1","1","0","0",NA
"45189","12","10","0","2","-2","-12",NA
"45189","13","10","0","5","-5","-30",NA
"45189","14","10","0","0","0","0",NA
"45189","15","10","0","0","0","0",NA
"45189","16","10","1","2","-1","-6",NA
"45189","17","10","0","1","-1","-6",NA
"45189","18","10","2","2","0","0",NA
"45189","19","10","0","1","-1","-6",NA
"45189","20","10","5","0","5","30",NA
"45189","21","10","1","2","-1","-6",NA
"45189","22","10","3","1","2","12",NA
"45189","23","10","1","0","1","6",NA
"45190","0","10","3","0","3","18",NA
"45190","1","10","0","0","0","0",NA
"45190","2","10","0","0","0","0",NA
"45190","3","10","2","0","2","12",NA
"45190","4","10","0","1","-1","-6",NA
"45190","5","10","0","0","0","0",NA
"45190","6","10","1","0","1","6",NA
"45190","7","10","1","3","-2","-12",NA
"45190","8","10","0","4","-4","-24",NA
"45190","9","10","0","1","-1","-6",NA
"45190","10","10","0","1","-1","-6",NA
"45190","11","10","0","0","0","0",NA
"45190","12","10","0","2","-2","-12",NA
"45190","13","10","0","2","-2","-12",NA
"45190","14","10","0","4","-4","-24",NA
"45190","15","6","4","1","3","30",NA
"45190","16","10","7","0","7","42",NA
"45190","17","10","3","2","1","6",NA
"45190","18","10","0","2","-2","-12",NA
"45190","19","10","9","0","9","54",NA
"45190","20","10","11","0","11","66",NA
"45190","21","10","1","1","0","0",NA
"45190","22","10","0","2","-2","-12",NA
"45190","23","10","1","1","0","0",NA
"45191","0","10","2","0","2","12",NA
"45191","1","10","1","0","1","6",NA
"45191","2","10","1","1","0","0",NA
"45191","3","10","2","1","1","6",NA
"45191","4","10","1","0","1","6",NA
"45191","5","10","0","0","0","0",NA
"45191","6","10","0","0","0","0",NA
"45191","7","10","6","0","6","36",NA
"45191","8","10","7","4","3","18",NA
"45191","9","10","0","2","-2","-12",NA
"45191","10","10","2","3","-1","-6",NA
"45191","11","10","0","1","-1","-6",NA
"45191","12","10","0","7","-7","-42",NA
"45191","13","10","0","2","-2","-12",NA
"45191","14","10","1","2","-1","-6",NA
"45191","15","10","5","1","4","24",NA
"45191","16","10","0","3","-3","-18",NA
"45191","17","10","0","3","-3","-18",NA
"45191","18","10","1","1","0","0",NA
"45191","19","10","0","1","-1","-6",NA
"45191","20","10","15","0","15","90",NA
"45191","21","10","1","2","-1","-6",NA
"45191","22","10","3","0","3","18",NA
"45191","23","10","2","2","0","0",NA
"45192","0","10","1","1","0","0",NA
"45192","1","10","0","1","-1","-6",NA
"45192","2","10","2","1","1","6",NA
"45192","3","10","0","0","0","0",NA
"45192","4","10","0","2","-2","-12",NA
"45192","5","10","0","0","0","0",NA
"45192","6","10","0","0","0","0",NA
"45192","7","10","1","1","0","0",NA
"45192","8","10","1","2","-1","-6",NA
"45192","9","10","1","3","-2","-12",NA
"45192","10","10","0","2","-2","-12",NA
"45192","11","10","0","4","-4","-24",NA
"45192","12","10","0","2","-2","-12",NA
"45192","13","10","0","1","-1","-6",NA
"45192","14","10","1","2","-1","-6",NA
"45192","15","10","0","2","-2","-12",NA
"45192","16","10","0","0","0","0",NA
"45192","17","10","1","0","1","6",NA
"45192","18","10","0","2","-2","-12",NA
"45192","19","10","1","5","-4","-24",NA
"45192","20","10","10","0","10","60",NA
"45192","21","10","1","0","1","6",NA
"45192","22","10","0","1","-1","-6",NA
"45192","23","10","0","2","-2","-12",NA
"45193","0","10","0","1","-1","-6",NA
"45193","1","10","1","0","1","6",NA
"45193","2","10","0","2","-2","-12",NA
"45193","3","10","0","0","0","0",NA
"45193","4","10","0","0","0","0",NA
"45193","5","10","0","0","0","0",NA
"45193","6","10","0","0","0","0",NA
"45193","7","10","0","0","0","0",NA
"45193","8","10","2","2","0","0",NA
"45193","9","10","1","1","0","0",NA
"45193","10","10","13","1","12","72",NA
"45193","11","10","0","3","-3","-18",NA
"45193","12","10","1","1","0","0",NA
"45193","13","10","1","2","-1","-6",NA
"45193","14","10","0","1","-1","-6",NA
"45193","15","10","0","0","0","0",NA
"45193","16","10","0","1","-1","-6",NA
"45193","17","10","2","0","2","12",NA
"45193","18","10","1","1","0","0",NA
"45193","19","10","3","1","2","12",NA
"45193","20","10","4","1","3","18",NA
"45193","21","10","1","1","0","0",NA
"45193","22","10","2","0","2","12",NA
"45193","23","10","0","0","0","0",NA
"45194","0","10","0","0","0","0",NA
"45194","1","10","0","0","0","0",NA
"45194","2","10","1","0","1","6",NA
"45194","3","10","0","0","0","0",NA
"45194","4","10","1","0","1","6",NA
"45194","5","10","0","1","-1","-6",NA
"45194","6","10","0","0","0","0",NA
"45194","7","10","2","1","1","6",NA
"45194","8","10","2","1","1","6",NA
"45194","9","10","4","6","-2","-12",NA
"45194","10","10","0","0","0","0",NA
"45194","11","10","0","1","-1","-6",NA
"45194","12","10","0","0.5","-0.5","-3","No File, ARIS adjustments. Average used"
"45194","13","10","0","0","0","0",NA
"45194","14","10","0","1","-1","-6","LB ARIS recording issues. Right bank used to estimate passage"
"45194","15","10","0","2","-2","-12","LB ARIS recording issues. Right bank used to estimate passage"
"45194","16","10","1","0","1","6","LB ARIS recording issues. Right bank used to estimate passage"
"45194","17","10","0","1","-1","-6","LB ARIS recording issues. Right bank used to estimate passage"
"45194","18","10","3","2","1","6","LB ARIS recording issues. Right bank used to estimate passage"
"45194","19","10","0","0","0","0","LB ARIS recording issues. Right bank used to estimate passage"
"45194","20","10","2","1","1","6","LB ARIS recording issues. Right bank used to estimate passage"
"45194","21","10","1","2","-1","-6","LB ARIS recording issues. Right bank used to estimate passage"
"45194","22","10","0","1","-1","-6","LB ARIS recording issues. Right bank used to estimate passage"
"45194","23","10","0","0","0","0","LB ARIS recording issues. Right bank used to estimate passage"
"45195","0","10","0","1","-1","-6","LB ARIS recording issues. Right bank used to estimate passage"
"45195","1","10","0","0","0","0","LB ARIS recording issues. Right bank used to estimate passage"
"45195","2","10","1","0","1","6","LB ARIS recording issues. Right bank used to estimate passage"
"45195","3","10","1","0","1","6","LB ARIS recording issues. Right bank used to estimate passage"
"45195","4","10","1","0","1","6","LB ARIS recording issues. Right bank used to estimate passage"
"45195","5","10","0","1","-1","-6","LB ARIS recording issues. Right bank used to estimate passage"
"45195","6","10","0","1","-1","-6","LB ARIS recording issues. Right bank used to estimate passage"
"45195","7","10","0","0","0","0","LB ARIS recording issues. Right bank used to estimate passage"
"45195","8","10","0","2","-2","-12","LB ARIS recording issues. Right bank used to estimate passage"
"45195","9","10","0","1","-1","-6","LB ARIS recording issues. Right bank used to estimate passage"
"45195","10","10","0","4","-4","-24",NA
"45195","11","10","1","2","-1","-6",NA
"45195","12","10","0","1","-1","-6",NA
"45195","13","10","0","5","-5","-30",NA
"45195","14","10","0","7","-7","-42",NA
"45195","15","10","1","0","1","6",NA
"45195","16","10","1","1","0","0",NA
"45195","17","10","1","0","1","6",NA
"45195","18","10","0","2","-2","-12",NA
"45195","19","10","0","8","-8","-48",NA
"45195","20","10","7","4","3","18",NA
"45195","21","10","0","1","-1","-6",NA
"45195","22","10","1","0","1","6",NA
"45195","23","10","1","1","0","0",NA
"45196","0","10","0","0","0","0",NA
"45196","1","10","0","0","0","0",NA
"45196","2","10","1","0","1","6",NA
"45196","3","10","0","1","-1","-6",NA
"45196","4","10","0","1","-1","-6",NA
"45196","5","10","1","0","1","6",NA
"45196","6","10","0","1","-1","-6",NA
"45196","7","10","0","0","0","0",NA
"45196","8","10","0","1","-1","-6",NA
"45196","9","10","1","0","1","6",NA
"45196","10","10","0","0","0","0",NA
"45196","11","10","1","1","0","0",NA
"45196","12","10","0","0","0","0",NA
"45196","13","10","1","0","1","6",NA
"45196","14","10","0","1","-1","-6",NA
"45196","15","10","0","2","-2","-12",NA
"45196","16","10","0","0","0","0",NA
"45196","17","10","0","0","0","0",NA
"45196","18","10","2","0","2","12",NA
"45196","19","10","0","3","-3","-18",NA
"45196","20","10","1","2","-1","-6",NA
"45196","21","10","0","2","-2","-12",NA
"45196","22","10","0","0","0","0",NA
"45196","23","10","0","1","-1","-6",NA
"45197","0","10","0","2","-2","-12",NA
"45197","1","10","2","1","1","6",NA
"45197","2","10","0","0","0","0",NA
"45197","3","10","0","1","-1","-6",NA
"45197","4","10","2","2","0","0",NA
"45197","5","10","1","0","1","6",NA
"45197","6","10","0","1","-1","-6",NA
"45197","7","10","0","4","-4","-24",NA
"45197","8","10","0","3","-3","-18",NA
"45197","9","10","0","2","-2","-12",NA
"45197","10","10","0","2","-2","-12",NA
"45197","11","10","0","0","0","0",NA
"45197","12","10","0","1","-1","-6",NA
"45197","13","10","1","1","0","0",NA
"45197","14","10","0","1","-1","-6",NA
"45197","15","10","0","2","-2","-12",NA
"45197","16","10","0","0","0","0",NA
"45197","17","10","0","0","0","0",NA
"45197","18","10","0","0","0","0",NA
"45197","19","10","0","0","0","0",NA
"45197","20","10","0","0","0","0",NA
"45197","21","10","0","0","0","0",NA
"45197","22","10","0","0","0","0",NA
"45197","23","10","0","1","-1","-6",NA
"45198","0","10","0","1","-1","-6",NA
"45198","1","10","0","0","0","0",NA
"45198","2","10","0","0","0","0",NA
"45198","3","10","0","0","0","0",NA
"45198","4","10","1","0","1","6",NA
"45198","5","10","2","0","2","12",NA
"45198","6","10","3","2","1","6",NA
"45198","7","10","1","1","0","0",NA
"45198","8","10","2","0","2","12",NA
"45198","9","10","0","0","0","0",NA
"45198","10","10","0","1","-1","-6",NA
"45198","11","10","0","2","-2","-12",NA
"45198","12","10","0","4","-4","-24",NA
"45198","13","10","0","2","-2","-12",NA
"45198","14","10","0","0","0","0",NA
"45198","15","10","0","3","-3","-18",NA
"45198","16","10","0","3","-3","-18",NA
"45198","17","10","0","2","-2","-12",NA
"45198","18","10","0","0","0","0",NA
"45198","19","10","0","2","-2","-12",NA
"45198","20","10","3","2","1","6",NA
"45198","21","10","2","1","1","6",NA
"45198","22","10","1","1","0","0",NA
"45198","23","10","9","0","9","54",NA
"45199","0","10","3","0","3","18",NA
"45199","1","10","2","1","1","6",NA
"45199","2","10","0","0","0","0",NA
"45199","3","10","0","4","-4","-24",NA
"45199","4","10","0","0","0","0",NA
"45199","5","10","1","1","0","0",NA
"45199","6","10","0","2","-2","-12",NA
"45199","7","10","0","3","-3","-18",NA
"45199","8","10","0","0","0","0",NA
"45199","9","10","0","0","0","0",NA
"45199","10","10","0","2","-2","-12",NA
"45199","11","10","0","21","-21","-126",NA
"45199","12","10","0","16","-16","-96",NA
"45199","13","10","1","8","-7","-42",NA
"45199","14","10","0","13","-13","-78",NA
"45199","15","10","0","8","-8","-48",NA
"45199","16","10","0","0","0","0",NA
"45199","17","10","0","0","0","0",NA
"45199","18","10","0","0","0","0",NA
"45199","19","10","0","0","0","0",NA
"45199","20","10","1","1","0","0",NA
"45199","21","10","0","0","0","0",NA
"45199","22","10","0","2","-2","-12",NA
"45199","23","10","1","0","1","6",NA
"45200","0","10","0","3","-3","-18",NA
"45200","1","10","0","0","0","0",NA
"45200","2","10","0","1","-1","-6",NA
"45200","3","10","0","1","-1","-6",NA
"45200","4","10","0","0","0","0",NA
"45200","5","10","0","0","0","0",NA
"45200","6","10","0","0","0","0",NA
"45200","7","10","0","0","0","0",NA
"45200","8","10","0","2","-2","-12",NA
"45200","9","10","0","0","0","0",NA
"45200","10","10","4","0","4","24",NA
"45200","11","10","0","0","0","0",NA
"45200","12","10","0","0","0","0",NA
"45200","13","10","0","0","0","0",NA
"45200","14","10","0","2","-2","-12",NA
"45200","15","10","0","0","0","0",NA
"45200","16","10","0","2","-2","-12",NA
"45200","17","10","0","1","-1","-6",NA
"45200","18","10","0","2","-2","-12",NA
"45200","19","10","0","0","0","0",NA
"45200","20","10","0","2","-2","-12",NA
"45200","21","10","0","1","-1","-6",NA
"45200","22","10","0","2","-2","-12",NA
"45200","23","10","1","0","1","6",NA
"45201","0","10","0","0","0","0",NA
"45201","1","10","0","2","-2","-12",NA
"45201","2","10","0","1","-1","-6",NA
"45201","3","10","2","3","-1","-6",NA
"45201","4","10","0","1","-1","-6",NA
"45201","5","10","1","1","0","0",NA
"45201","6","10","1","0","1","6",NA
"45201","7","10","1","0","1","6",NA
"45201","8","10","0","0","0","0",NA
"45201","9","10","0","0","0","0",NA
"45201","10","10","0","1","-1","-6",NA
"45201","11","10","0","0","0","0",NA
"45201","12","10","0","0","0","0",NA
"45201","13","10","0","0","0","0",NA
"45201","14","10","1","5","-4","-24",NA
"45201","15","10","0","5","-5","-30",NA
"45201","16","10","0","1","-1","-6",NA
"45201","17","10","0","1","-1","-6",NA
"45201","18","10","0","0","0","0",NA
"45201","19","10","0","0","0","0",NA
"45201","20","10","0","1","-1","-6",NA
"45201","21","10","0","0","0","0",NA
"45201","22","10","0","0","0","0",NA
"45201","23","10","0","1","-1","-6",NA
"45202","0","10","0","0","0","0",NA
"45202","1","10","0","2","-2","-12",NA
"45202","2","10","0","0","0","0",NA
"45202","3","10","1","1","0","0",NA
"45202","4","10","0","0","0","0",NA
"45202","5","10","0","0","0","0",NA
"45202","6","10","0","0","0","0",NA
"45202","7","10","0","2","-2","-12",NA
"45202","8","10","1","1","0","0",NA
"45202","9","10","0","0","0","0",NA
"45202","10","10","0","0","0","0",NA
"45202","11","10","0","1","-1","-6",NA
"45202","12","10","0","0","0","0",NA
"45202","13","10","0","0","0","0",NA
"45202","14","10","0","1","-1","-6",NA
"45202","15","10","0","0","0","0",NA
"45202","16","10","0","2","-2","-12",NA
"45202","17","10","0","3","-3","-18",NA
"45202","18","10","0","0","0","0",NA
"45202","19","10","0","2","-2","-12",NA
"45202","20","10","0","2","-2","-12",NA
"45202","21","10","0","0","0","0",NA
"45202","22","10","0","0","0","0",NA
"45202","23","10","0","1","-1","-6",NA
"45203","0","10","0","0","0","0",NA
"45203","1","10","0","1","-1","-6",NA
"45203","2","10","0","0","0","0",NA
"45203","3","10","0","0","0","0",NA
"45203","4","10","0","0","0","0",NA
"45203","5","10","0","1","-1","-6",NA
"45203","6","10","0","0","0","0",NA
"45203","7","10","0","1","-1","-6",NA
"45203","8","10","0","0","0","0",NA
"45203","9","10","0","2","-2","-12",NA
"45203","10","10","0","0","0","0",NA
"45203","11","10","0","0","0","0",NA
"45203","12","10","0","1","-1","-6",NA
"45203","13","10","0","0","0","0",NA
"45203","14","10","0","1","-1","-6",NA
"45203","15","10","0","1","-1","-6",NA
"45203","16","10","0","0","0","0",NA
"45203","17","10","0","2","-2","-12",NA
"45203","18","10","0","0","0","0",NA
"45203","19","10","0","1","-1","-6",NA
"45203","20","10","0","0","0","0",NA
"45203","21","10","0","0","0","0",NA
"45203","22","10","0","0","0","0",NA
"45203","23","10","0","0","0","0",NA
"45204","0","10","0","0","0","0",NA
"45204","1","10","0","1","-1","-6",NA
"45204","2","10","0","0","0","0",NA
"45204","3","10","0","0","0","0",NA
"45204","4","10","0","0","0","0",NA
"45204","5","10","0","0","0","0",NA
"45204","6","10","0","0","0","0",NA
"45204","7","10","0","1","-1","-6",NA
"45204","8","10","0","1","-1","-6",NA
"45204","9","10","0","0","0","0",NA
"45204","10",NA,NA,NA,NA,NA,NA
"45204","11",NA,NA,NA,NA,NA,NA
"45204","12",NA,NA,NA,NA,NA,NA
"45204","13",NA,NA,NA,NA,NA,NA
"45204","14",NA,NA,NA,NA,NA,NA
"45204","15",NA,NA,NA,NA,NA,NA
"45204","16",NA,NA,NA,NA,NA,NA
"45204","17",NA,NA,NA,NA,NA,NA
"45204","18",NA,NA,NA,NA,NA,NA
"45204","19",NA,NA,NA,NA,NA,NA
"45204","20",NA,NA,NA,NA,NA,NA
"45204","21",NA,NA,NA,NA,NA,NA
"45204","22",NA,NA,NA,NA,NA,NA
"45204","23",NA,NA,NA,NA,NA,NA
"45205","0","0","0","0","0",NA,NA
"45205","1","0","0","0","0",NA,NA
"45205","2","0","0","0","0",NA,NA
"45205","3","0","0","0","0",NA,NA
"45205","4","0","0","0","0",NA,NA
"45205","5","0","0","0","0",NA,NA
"45205","6","0","0","0","0",NA,NA
"45205","7","0","0","0","0",NA,NA
"45205","8","0","0","0","0",NA,NA
"45205","9","0","0","0","0",NA,NA
"45205","10","0","0","0","0",NA,NA
"45205","11","0","0","0","0",NA,NA
"45205","12","0","0","0","0",NA,NA
"45205","13","0","0","0","0",NA,NA
"45205","14","0","0","0","0",NA,NA
"45205","15","0","0","0","0",NA,NA
"45205","16","0","0","0","0",NA,NA
"45205","17","0","0","0","0",NA,NA
"45205","18","0","0","0","0",NA,NA
"45205","19","0","0","0","0",NA,NA
"45205","20","0","0","0","0",NA,NA
"45205","21","0","0","0","0",NA,NA
"45205","22","0","0","0","0",NA,NA
"45205","23","0","0","0","0",NA,NA
"45206","0","0","0","0","0",NA,NA
"45206","1","0","0","0","0",NA,NA
"45206","2","0","0","0","0",NA,NA
"45206","3","0","0","0","0",NA,NA
"45206","4","0","0","0","0",NA,NA
"45206","5","0","0","0","0",NA,NA
"45206","6","0","0","0","0",NA,NA
"45206","7","0","0","0","0",NA,NA
"45206","8","0","0","0","0",NA,NA
"45206","9","0","0","0","0",NA,NA
"45206","10","0","0","0","0",NA,NA
"45206","11","0","0","0","0",NA,NA
"45206","12","0","0","0","0",NA,NA
"45206","13","0","0","0","0",NA,NA
"45206","14","0","0","0","0",NA,NA
"45206","15","0","0","0","0",NA,NA
"45206","16","0","0","0","0",NA,NA
"45206","17","0","0","0","0",NA,NA
"45206","18","0","0","0","0",NA,NA
"45206","19","0","0","0","0",NA,NA
"45206","20","0","0","0","0",NA,NA
"45206","21","0","0","0","0",NA,NA
"45206","22","0","0","0","0",NA,NA
"45206","23","0","0","0","0",NA,NA
