"NA","NA","NA","NA","NA","NA","NA","NA"
"Date","Count Hour","Duration","Up","Down","Net Up","Salmon/Hour","Comments"
"45107","0",NA,NA,NA,NA,NA,NA
"45107","1",NA,NA,NA,NA,NA,NA
"45107","2",NA,NA,NA,NA,NA,NA
"45107","3",NA,NA,NA,NA,NA,NA
"45107","4",NA,NA,NA,NA,NA,NA
"45107","5",NA,NA,NA,NA,NA,NA
"45107","6",NA,NA,NA,NA,NA,NA
"45107","7",NA,NA,NA,NA,NA,NA
"45107","8",NA,NA,NA,NA,NA,NA
"45107","9",NA,NA,NA,NA,NA,NA
"45107","10",NA,NA,NA,NA,NA,NA
"45107","11",NA,NA,NA,NA,NA,NA
"45107","12",NA,NA,NA,NA,NA,NA
"45107","13",NA,NA,NA,NA,NA,NA
"45107","14",NA,NA,NA,NA,NA,NA
"45107","15",NA,NA,NA,NA,NA,NA
"45107","16",NA,NA,NA,NA,NA,NA
"45107","17",NA,NA,NA,NA,NA,NA
"45107","18",NA,NA,NA,NA,NA,NA
"45107","19",NA,NA,NA,NA,NA,NA
"45107","20",NA,NA,NA,NA,NA,NA
"45107","21",NA,NA,NA,NA,NA,NA
"45107","22",NA,NA,NA,NA,NA,NA
"45107","23",NA,NA,NA,NA,NA,NA
"45108","0",NA,NA,NA,NA,NA,NA
"45108","1",NA,NA,NA,NA,NA,NA
"45108","2",NA,NA,NA,NA,NA,NA
"45108","3",NA,NA,NA,NA,NA,NA
"45108","4",NA,NA,NA,NA,NA,NA
"45108","5",NA,NA,NA,NA,NA,NA
"45108","6",NA,NA,NA,NA,NA,NA
"45108","7",NA,NA,NA,NA,NA,NA
"45108","8",NA,NA,NA,NA,NA,NA
"45108","9",NA,NA,NA,NA,NA,NA
"45108","10",NA,NA,NA,NA,NA,NA
"45108","11","20","13","1","12","36","First LF file"
"45108","12","20","7","0","7","21",NA
"45108","13",NA,NA,NA,NA,"27","File Lost. Average of before and after used to estimate passage"
"45108","14",NA,NA,NA,NA,"27","File Lost. Average of before and after used to estimate passage"
"45108","15","20","12","1","11","33",NA
"45108","16","20","5","0","5","15",NA
"45108","17","20","14","0","14","42",NA
"45108","18","20","6","0","6","18",NA
"45108","19","20","16","1","15","45",NA
"45108","20","20","10","1","9","27",NA
"45108","21","20","3","1","2","6",NA
"45108","22","20","3","1","2","6",NA
"45108","23","20","2","1","1","3",NA
"45109","0","20","2","1","1","3",NA
"45109","1","20","2","0","2","6",NA
"45109","2","20","0","0","0","0",NA
"45109","3","20","0","0","0","0",NA
"45109","4","20","4","0","4","12",NA
"45109","5","20","13","0","13","39",NA
"45109","6","20","5","0","5","15",NA
"45109","7","20","7","0","7","21",NA
"45109","8","20","9","0","9","27",NA
"45109","9",NA,NA,NA,NA,"25.5","File Lost. Average of before and after used to estimate passage"
"45109","10","20","8","0","8","24",NA
"45109","11","20","14","1","13","39",NA
"45109","12",NA,NA,NA,NA,"33","File Lost. Average of before and after used to estimate passage"
"45109","13","20","9","0","9","27",NA
"45109","14","20","4","0","4","12",NA
"45109","15","20","14","0","14","42",NA
"45109","16","20","6","0","6","18",NA
"45109","17","20","7","0","7","21",NA
"45109","18","20","7","0","7","21",NA
"45109","19",NA,NA,NA,NA,"28.5","File Lost. Average of before and after used to estimate passage"
"45109","20","20","13","1","12","36",NA
"45109","21","20","13","0","13","39",NA
"45109","22","20","2","1","1","3",NA
"45109","23","20","1","1","0","0",NA
"45110","0","20","2","1","1","3",NA
"45110","1","20","2","0","2","6",NA
"45110","2","20","1","1","0","0",NA
"45110","3","20","0","1","-1","-3",NA
"45110","4","20","8","0","8","24",NA
"45110","5","20","13","0","13","39",NA
"45110","6","20","16","0","16","48",NA
"45110","7","20","2","0","2","6",NA
"45110","8","20","5","0","5","15",NA
"45110","9",NA,NA,NA,NA,"30","File Lost. Average of before and after used to estimate passage"
"45110","10","20","15","0","15","45",NA
"45110","11",NA,NA,NA,NA,"31.5","File Lost. Average of before and after used to estimate passage"
"45110","12","20","6","0","6","18",NA
"45110","13",NA,NA,NA,NA,"18","File Lost. Average of before and after used to estimate passage"
"45110","14","20","6","0","6","18",NA
"45110","15","20","9","0","9","27",NA
"45110","16","20","3","0","3","9",NA
"45110","17","20","5","0","5","15",NA
"45110","18","20","3","0","3","9",NA
"45110","19","20","2","0","2","6",NA
"45110","20","20","5","0","5","15",NA
"45110","21","20","2","0","2","6",NA
"45110","22","20","3","1","2","6",NA
"45110","23","20","1","1","0","0",NA
"45111","0","20","1","0","1","3",NA
"45111","1","20","0","0","0","0",NA
"45111","2","20","3","0","3","9",NA
"45111","3","20","0","1","-1","-3",NA
"45111","4","20","6","0","6","18",NA
"45111","5","20","9","0","9","27",NA
"45111","6","20","11","0","11","33",NA
"45111","7","20","1","1","0","0",NA
"45111","8","20","5","0","5","15",NA
"45111","9","20","9","0","9","27",NA
"45111","10","20","4","0","4","12",NA
"45111","11","20","12","0","12","36",NA
"45111","12","20","6","0","6","18",NA
"45111","13",NA,NA,NA,NA,"24.75","No File, Switching to ARIS. Used average of two files before and after"
"45111","14",NA,NA,NA,NA,"25","No File, Switching to ARIS. Used average of two files before and after"
"45111","15",NA,NA,NA,NA,"25","No File, Switching to ARIS. Used average of two files before and after"
"45111","16","20","8","0","8","24",NA
"45111","17","20","7","0","7","21",NA
"45111","18","20","8","0","8","24",NA
"45111","19","20","0","0","0","0",NA
"45111","20","20","9","0","9","27",NA
"45111","21","20","6","0","6","18",NA
"45111","22","20","2","0","2","6",NA
"45111","23","20","5","2","3","9",NA
"45112","0","20","3","1","2","6",NA
"45112","1","20","5","0","5","15",NA
"45112","2","20","5","0","5","15",NA
"45112","3","20","6","1","5","15",NA
"45112","4","20","13","0","13","39",NA
"45112","5","20","17","1","16","48",NA
"45112","6","20","13","0","13","39",NA
"45112","7","20","5","1","4","12",NA
"45112","8","20","14","0","14","42",NA
"45112","9","20","3","0","3","9",NA
"45112","10","20","7","0","7","21",NA
"45112","11","20","6","0","6","18",NA
"45112","12","20","9","0","9","27",NA
"45112","13","20","3","0","3","9",NA
"45112","14","20","7","0","7","21",NA
"45112","15","20","5","0","5","15",NA
"45112","16","20","7","0","7","21",NA
"45112","17","20","10","0","10","30",NA
"45112","18","20","5","2","3","9",NA
"45112","19","20","4","1","3","9",NA
"45112","20","20","2","0","2","6",NA
"45112","21","20","3","0","3","9",NA
"45112","22","20","10","1","9","27",NA
"45112","23","20","7","0","7","21",NA
"45113","0","20","4","0","4","12",NA
"45113","1","20","3","0","3","9",NA
"45113","2","20","4","1","3","9",NA
"45113","3","20","5","1","4","12",NA
"45113","4","20","11","0","11","33",NA
"45113","5","20","12","1","11","33",NA
"45113","6","20","8","0","8","24",NA
"45113","7","20","3","2","1","3",NA
"45113","8","20","6","0","6","18",NA
"45113","9","20","6","0","6","18",NA
"45113","10","20","16","0","16","48",NA
"45113","11","20","8","0","8","24",NA
"45113","12","20","12","0","12","36",NA
"45113","13","20","4","0","4","12",NA
"45113","14","20","10","0","10","30",NA
"45113","15","20","17","0","17","51",NA
"45113","16","20","3","0","3","9",NA
"45113","17","20","18","0","18","54",NA
"45113","18","20","5","0","5","15",NA
"45113","19","20","4","0","4","12",NA
"45113","20","20","6","0","6","18",NA
"45113","21","20","7","0","7","21",NA
"45113","22","20","6","0","6","18",NA
"45113","23","20","4","0","4","12",NA
"45114","0","20","7","0","7","21",NA
"45114","1","20","5","0","5","15",NA
"45114","2","20","8","0","8","24",NA
"45114","3","20","9","0","9","27",NA
"45114","4","20","13","0","13","39",NA
"45114","5","20","25","0","25","75",NA
"45114","6","20","10","0","10","30",NA
"45114","7","20","0","0","0","0",NA
"45114","8","20","6","0","6","18",NA
"45114","9","20","18","0","18","54",NA
"45114","10","20","15","0","15","45",NA
"45114","11","20","13","0","13","39",NA
"45114","12","20","6","1","5","15",NA
"45114","13","20","4","1","3","9",NA
"45114","14","20","7","0","7","21",NA
"45114","15","20","4","0","4","12",NA
"45114","16","20","5","0","5","15",NA
"45114","17","20","5","0","5","15",NA
"45114","18","20","11","0","11","33",NA
"45114","19","20","7","0","7","21",NA
"45114","20","20","11","0","11","33",NA
"45114","21","20","9","0","9","27",NA
"45114","22","20","13","0","13","39",NA
"45114","23","20","5","0","5","15",NA
"45115","0","20","5","1","4","12",NA
"45115","1","20","8","1","7","21",NA
"45115","2","20","7","0","7","21",NA
"45115","3","20","6","0","6","18",NA
"45115","4","20","11","0","11","33",NA
"45115","5","20","20","0","20","60",NA
"45115","6","20","5","0","5","15",NA
"45115","7","20","4","0","4","12",NA
"45115","8","20","9","0","9","27",NA
"45115","9","20","6","0","6","18",NA
"45115","10","20","13","0","13","39",NA
"45115","11","20","5","0","5","15",NA
"45115","12","20","6","0","6","18",NA
"45115","13",NA,NA,NA,NA,"24","RB lost connection. LB used to estimate RB"
"45115","14",NA,NA,NA,NA,"51",NA
"45115","15",NA,NA,NA,NA,"36",NA
"45115","16",NA,NA,NA,NA,"6",NA
"45115","17",NA,NA,NA,NA,"6",NA
"45115","18",NA,NA,NA,NA,"15",NA
"45115","19",NA,NA,NA,NA,"9",NA
"45115","20",NA,NA,NA,NA,"21",NA
"45115","21",NA,NA,NA,NA,"12",NA
"45115","22",NA,NA,NA,NA,"0",NA
"45115","23","20","7","0","7","21",NA
"45116","0","20","8","0","8","24",NA
"45116","1","20","4","0","4","12",NA
"45116","2","20","1","1","0","0",NA
"45116","3","20","1","0","1","3",NA
"45116","4","20","11","0","11","33",NA
"45116","5","20","15","0","15","45",NA
"45116","6","20","8","0","8","24",NA
"45116","7","20","6","0","6","18",NA
"45116","8","20","7","0","7","21",NA
"45116","9","20","15","0","15","45",NA
"45116","10","20","12","0","12","36",NA
"45116","11","20","7","1","6","18",NA
"45116","12","20","4","1","3","9",NA
"45116","13","20","5","0","5","15",NA
"45116","14","20","6","0","6","18",NA
"45116","15","20","8","0","8","24",NA
"45116","16","20","2","0","2","6",NA
"45116","17","20","1","0","1","3",NA
"45116","18","20","2","0","2","6",NA
"45116","19","20","2","0","2","6",NA
"45116","20","20","16","1","15","45",NA
"45116","21","20","5","0","5","15",NA
"45116","22","20","4","1","3","9",NA
"45116","23","20","4","2","2","6",NA
"45117","0","20","6","0","6","18",NA
"45117","1","20","10","0","10","30",NA
"45117","2","20","11","0","11","33",NA
"45117","3","20","3","0","3","9",NA
"45117","4","20","12","0","12","36",NA
"45117","5","20","24","0","24","72",NA
"45117","6","20","14","0","14","42",NA
"45117","7","20","7","0","7","21",NA
"45117","8","20","5","0","5","15",NA
"45117","9","20","6","0","6","18",NA
"45117","10","20","15","0","15","45",NA
"45117","11","20","10","1","9","27",NA
"45117","12",NA,NA,NA,NA,"19.5","File Lost. Average of before and after used to estimate passage"
"45117","13","15","3","0","3","12",NA
"45117","14","20","19","0","19","57",NA
"45117","15","20","3","0","3","9",NA
"45117","16","20","9","0","9","27",NA
"45117","17","20","7","0","7","21",NA
"45117","18","20","7","0","7","21",NA
"45117","19","20","5","0","5","15",NA
"45117","20","20","7","0","7","21",NA
"45117","21","20","6","0","6","18",NA
"45117","22","20","5","0","5","15",NA
"45117","23","20","1","1","0","0",NA
"45118","0","20","6","0","6","18",NA
"45118","1","20","5","0","5","15",NA
"45118","2","20","7","0","7","21",NA
"45118","3","20","8","0","8","24",NA
"45118","4","20","9","0","9","27",NA
"45118","5","20","10","0","10","30",NA
"45118","6","20","4","0","4","12",NA
"45118","7","20","5","0","5","15",NA
"45118","8","20","4","1","3","9",NA
"45118","9","20","4","0","4","12",NA
"45118","10","20","8","0","8","24",NA
"45118","11","20","12","0","12","36",NA
"45118","12","20","7","0","7","21",NA
"45118","13","20","7","0","7","21",NA
"45118","14","20","17","0","17","51",NA
"45118","15","20","6","0","6","18",NA
"45118","16","20","1","0","1","3",NA
"45118","17","20","8","0","8","24",NA
"45118","18","20","8","0","8","24",NA
"45118","19","20","3","0","3","9",NA
"45118","20","20","2","0","2","6",NA
"45118","21","20","2","0","2","6",NA
"45118","22","20","21","1","20","60",NA
"45118","23","20","8","0","8","24",NA
"45119","0","20","9","0","9","27",NA
"45119","1","20","6","1","5","15",NA
"45119","2","20","6","0","6","18",NA
"45119","3","20","10","0","10","30",NA
"45119","4","20","9","0","9","27",NA
"45119","5","20","14","0","14","42",NA
"45119","6","20","4","1","3","9",NA
"45119","7","20","1","0","1","3",NA
"45119","8","20","10","0","10","30",NA
"45119","9","20","8","0","8","24",NA
"45119","10","20","14","0","14","42",NA
"45119","11","20","3","0","3","9",NA
"45119","12","20","10","0","10","30",NA
"45119","13","20","10","0","10","30",NA
"45119","14","20","14","0","14","42",NA
"45119","15","20","3","0","3","9",NA
"45119","16","20","3","0","3","9",NA
"45119","17","20","3","0","3","9",NA
"45119","18","20","5","0","5","15",NA
"45119","19","20","1","0","1","3",NA
"45119","20","20","2","0","2","6",NA
"45119","21","20","1","0","1","3",NA
"45119","22","20","10","2","8","24",NA
"45119","23","20","5","1","4","12",NA
"45120","0","20","7","1","6","18",NA
"45120","1","20","17","1","16","48",NA
"45120","2","20","8","1","7","21",NA
"45120","3","20","9","0","9","27",NA
"45120","4","20","15","1","14","42",NA
"45120","5","20","7","0","7","21",NA
"45120","6","20","11","0","11","33",NA
"45120","7","20","10","0","10","30",NA
"45120","8","20","6","0","6","18",NA
"45120","9","20","9","0","9","27",NA
"45120","10","20","8","0","8","24",NA
"45120","11","20","2","0","2","6",NA
"45120","12","20","7","0","7","21",NA
"45120","13","20","0","0","0","0",NA
"45120","14","20","5","0","5","15",NA
"45120","15","20","3","0","3","9",NA
"45120","16","20","2","0","2","6",NA
"45120","17","20","0","0","0","0",NA
"45120","18","20","2","0","2","6",NA
"45120","19","20","6","0","6","18",NA
"45120","20","20","8","0","8","24",NA
"45120","21","20","2","1","1","3",NA
"45120","22","20","4","1","3","9",NA
"45120","23","20","6","0","6","18",NA
"45121","0","20","3","0","3","9",NA
"45121","1","20","1","0","1","3",NA
"45121","2","20","7","0","7","21",NA
"45121","3","20","5","3","2","6",NA
"45121","4","20","6","0","6","18",NA
"45121","5","20","14","0","14","42",NA
"45121","6","20","4","0","4","12",NA
"45121","7","20","4","0","4","12",NA
"45121","8","20","13","0","13","39",NA
"45121","9","20","12","0","12","36",NA
"45121","10","20","9","0","9","27",NA
"45121","11","20","4","0","4","12",NA
"45121","12","20","8","0","8","24","File Lost. Bolt repair. Average used"
"45121","13","20","5","0","5","15","File Lost. Average of before and after used"
"45121","14","20","12","0","12","36",NA
"45121","15","20","2","0","2","6",NA
"45121","16","20","4","0","4","12",NA
"45121","17","20","4","0","4","12",NA
"45121","18","20","2","0","2","6",NA
"45121","19","20","8","0","8","24",NA
"45121","20","20","3","0","3","9",NA
"45121","21","20","8","0","8","24",NA
"45121","22","20","7","2","5","15",NA
"45121","23","20","5","0","5","15",NA
"45122","0","20","7","0","7","21",NA
"45122","1","20","2","0","2","6",NA
"45122","2","20","6","0","6","18",NA
"45122","3","20","8","1","7","21",NA
"45122","4","20","8","0","8","24",NA
"45122","5","20","20","0","20","60",NA
"45122","6","20","10","0","10","30",NA
"45122","7","20","4","0","4","12",NA
"45122","8","20","3","0","3","9",NA
"45122","9","20","8","0","8","24",NA
"45122","10","20","7","0","7","21",NA
"45122","11","20","8","1","7","21",NA
"45122","12","20","5","0","5","15",NA
"45122","13","20","7","0","7","21",NA
"45122","14","20","4","0","4","12",NA
"45122","15","20","7","0","7","21",NA
"45122","16","20","6","0","6","18",NA
"45122","17","20","2","0","2","6",NA
"45122","18","20","4","0","4","12",NA
"45122","19","20","2","0","2","6",NA
"45122","20","20","6","0","6","18",NA
"45122","21","20","1","0","1","3",NA
"45122","22","20","4","1","3","9",NA
"45122","23","20","11","2","9","27",NA
"45123","0","20","8","0","8","24",NA
"45123","1","20","5","1","4","12",NA
"45123","2","20","7","1","6","18",NA
"45123","3","20","6","2","4","12",NA
"45123","4","20","7","0","7","21",NA
"45123","5","20","12","0","12","36",NA
"45123","6","20","6","1","5","15",NA
"45123","7","20","7","1","6","18",NA
"45123","8","20","5","0","5","15",NA
"45123","9","20","5","1","4","12",NA
"45123","10","20","4","0","4","12",NA
"45123","11","20","10","0","10","30",NA
"45123","12","20","13","0","13","39",NA
"45123","13","20","13","0","13","39",NA
"45123","14","20","10","1","9","27",NA
"45123","15","20","5","0","5","15",NA
"45123","16","20","4","0","4","12",NA
"45123","17","20","3","0","3","9",NA
"45123","18","20","4","0","4","12",NA
"45123","19","20","3","0","3","9",NA
"45123","20","20","3","0","3","9",NA
"45123","21","20","2","0","2","6",NA
"45123","22","20","7","1","6","18",NA
"45123","23","20","3","0","3","9",NA
"45124","0","20","6","1","5","15",NA
"45124","1","20","5","0","5","15",NA
"45124","2","20","5","0","5","15",NA
"45124","3","20","7","3","4","12",NA
"45124","4","20","4","0","4","12",NA
"45124","5","20","14","0","14","42",NA
"45124","6","20","8","0","8","24",NA
"45124","7","20","2","0","2","6",NA
"45124","8","20","6","0","6","18",NA
"45124","9","20","7","0","7","21",NA
"45124","10","20","13","0","13","39",NA
"45124","11","20","3","0","3","9",NA
"45124","12","20","12","0","12","36",NA
"45124","13","20","4","1","3","9",NA
"45124","14","20","8","0","8","24",NA
"45124","15","20","7","0","7","21",NA
"45124","16","20","13","0","13","39",NA
"45124","17","20","15","0","15","45",NA
"45124","18","20","11","1","10","30",NA
"45124","19","20","7","0","7","21",NA
"45124","20","20","6","1","5","15",NA
"45124","21","20","2","0","2","6",NA
"45124","22","20","12","1","11","33",NA
"45124","23","20","11","0","11","33",NA
"45125","0","20","5","0","5","15",NA
"45125","1","20","7","0","7","21",NA
"45125","2","20","10","0","10","30",NA
"45125","3","20","8","0","8","24",NA
"45125","4","20","10","0","10","30",NA
"45125","5","20","17","0","17","51",NA
"45125","6","20","13","0","13","39",NA
"45125","7","20","6","0","6","18",NA
"45125","8","20","2","0","2","6",NA
"45125","9","20","13","0","13","39",NA
"45125","10","20","15","0","15","45",NA
"45125","11","20","5","0","5","15",NA
"45125","12","20","8","0","8","24",NA
"45125","13","20","7","1","6","18",NA
"45125","14","20","22","1","21","63",NA
"45125","15","20","10","0","10","30",NA
"45125","16","20","4","0","4","12",NA
"45125","17","20","4","1","3","9",NA
"45125","18","20","4","0","4","12",NA
"45125","19","20","5","0","5","15",NA
"45125","20","20","6","0","6","18",NA
"45125","21","20","4","0","4","12",NA
"45125","22","20","4","1","3","9",NA
"45125","23","20","3","3","0","0",NA
"45126","0","20","9","1","8","24",NA
"45126","1","20","9","2","7","21",NA
"45126","2","20","2","1","1","3",NA
"45126","3","20","9","1","8","24",NA
"45126","4","20","6","1","5","15",NA
"45126","5","20","17","2","15","45",NA
"45126","6","20","33","0","33","99",NA
"45126","7","20","4","1","3","9",NA
"45126","8","20","10","1","9","27",NA
"45126","9","20","15","0","15","45",NA
"45126","10","20","18","0","18","54",NA
"45126","11","20","19","0","19","57",NA
"45126","12","20","6","0","6","18",NA
"45126","13","20","7","0","7","21",NA
"45126","14","20","5","0","5","15",NA
"45126","15","20","2","0","2","6",NA
"45126","16","20","8","1","7","21",NA
"45126","17","20","9","0","9","27",NA
"45126","18","20","8","0","8","24",NA
"45126","19","20","7","0","7","21",NA
"45126","20","20","6","0","6","18",NA
"45126","21","20","9","0","9","27",NA
"45126","22","20","19","0","19","57",NA
"45126","23","20","21","0","21","63",NA
"45127","0","20","21","0","21","63",NA
"45127","1","20","8","0","8","24",NA
"45127","2","20","22","1","21","63",NA
"45127","3","20","3","0","3","9",NA
"45127","4","20","11","0","11","33",NA
"45127","5","20","26","0","26","78",NA
"45127","6","20","9","0","9","27",NA
"45127","7","20","3","0","3","9",NA
"45127","8","20","11","0","11","33",NA
"45127","9","20","11","0","11","33",NA
"45127","10","20","10","0","10","30",NA
"45127","11","20","13","0","13","39",NA
"45127","12","20","4","0","4","12",NA
"45127","13","20","5","0","5","15",NA
"45127","14","20","12","0","12","36",NA
"45127","15","20","9","0","9","27",NA
"45127","16","20","8","0","8","24",NA
"45127","17","20","4","1","3","9",NA
"45127","18","20","7","0","7","21",NA
"45127","19","20","4","0","4","12",NA
"45127","20","20","11","0","11","33",NA
"45127","21","20","10","0","10","30",NA
"45127","22","20","16","0","16","48",NA
"45127","23","20","19","0","19","57",NA
"45128","0","20","14","1","13","39",NA
"45128","1","20","12","1","11","33",NA
"45128","2","20","14","1","13","39",NA
"45128","3","20","20","2","18","54",NA
"45128","4","20","18","0","18","54",NA
"45128","5","20","18","0","18","54",NA
"45128","6","20","10","0","10","30",NA
"45128","7","20","3","0","3","9",NA
"45128","8","20","11","0","11","33",NA
"45128","9","20","9","1","8","24",NA
"45128","10","20","11","0","11","33",NA
"45128","11","20","9","0","9","27","File lost, sonar cleaning and repair"
"45128","12","20","9.5","0","9.5","28.5","File lost, sonar cleaning and repair"
"45128","13","20","7","0","7","21",NA
"45128","14","20","10","0","10","30",NA
"45128","15","20","7","0","7","21",NA
"45128","16","20","10","1","9","27",NA
"45128","17","20","6","0","6","18",NA
"45128","18","20","4","0","4","12",NA
"45128","19","20","6","0","6","18",NA
"45128","20","20","5","1","4","12",NA
"45128","21","20","1","0","1","3",NA
"45128","22","20","9","3","6","18",NA
"45128","23","20","5","1","4","12",NA
"45129","0","20","9","5","4","12",NA
"45129","1","20","7","1","6","18",NA
"45129","2","20","6","2","4","12",NA
"45129","3","20","3","3","0","0",NA
"45129","4","20","3","0","3","9",NA
"45129","5","20","13","2","11","33",NA
"45129","6","20","2","0","2","6",NA
"45129","7","20","0","0","0","0",NA
"45129","8","20","9","0","9","27",NA
"45129","9","20","8","1","7","21",NA
"45129","10","20","9","1","8","24",NA
"45129","11","20","3","0","3","9",NA
"45129","12","20","5","0","5","15",NA
"45129","13","20","4","0","4","12",NA
"45129","14","20","8","0","8","24",NA
"45129","15","20","15","0","15","45",NA
"45129","16","20","4","0","4","12",NA
"45129","17","20","2","0","2","6",NA
"45129","18","20","4","0","4","12",NA
"45129","19","20","5","0","5","15",NA
"45129","20","20","1","0","1","3",NA
"45129","21","20","3","0","3","9",NA
"45129","22","20","5","1","4","12",NA
"45129","23","20","4","0","4","12",NA
"45130","0","20","11","0","11","33",NA
"45130","1","20","7","1","6","18",NA
"45130","2","20","6","3","3","9",NA
"45130","3","20","6","1","5","15",NA
"45130","4","20","8","0","8","24",NA
"45130","5","20","12","1","11","33",NA
"45130","6","20","1","0","1","3",NA
"45130","7","20","5","0","5","15",NA
"45130","8","20","6","0","6","18",NA
"45130","9","20","9","1","8","24",NA
"45130","10","20","5","2","3","9",NA
"45130","11","20","8","0","8","24",NA
"45130","12","20","7","1","6","18",NA
"45130","13","20","11","0","11","33",NA
"45130","14","20","6","0","6","18",NA
"45130","15","20","4","1","3","9",NA
"45130","16","20","1","0","1","3",NA
"45130","17","20","3","0","3","9",NA
"45130","18","20","3","0","3","9",NA
"45130","19","20","4","0","4","12",NA
"45130","20","20","0","0","0","0",NA
"45130","21","20","2","0","2","6",NA
"45130","22","20","3","0","3","9",NA
"45130","23","20","3","0","3","9",NA
"45131","0","20","3","1","2","6",NA
"45131","1","20","6","0","6","18",NA
"45131","2","20","21","3","18","54",NA
"45131","3","20","16","1","15","45",NA
"45131","4","20","5","0","5","15",NA
"45131","5","20","15","0","15","45",NA
"45131","6","20","2","3","-1","-3",NA
"45131","7","20","11","0","11","33",NA
"45131","8","20","7","1","6","18",NA
"45131","9","20","6","1","5","15",NA
"45131","10","20","13","0","13","39",NA
"45131","11","20","5","0","5","15",NA
"45131","12","20","7","0","7","21",NA
"45131","13","20","9","0","9","27",NA
"45131","14","20","17","1","16","48",NA
"45131","15","20","8","0","8","24",NA
"45131","16","20","18","0","18","54",NA
"45131","17","20","5","0","5","15",NA
"45131","18","20","14","0","14","42",NA
"45131","19","20","3","0","3","9",NA
"45131","20","20","12","2","10","30",NA
"45131","21","20","23","1","22","66",NA
"45131","22","20","8","4","4","12",NA
"45131","23","20","10","0","10","30",NA
"45132","0","20","6","1","5","15",NA
"45132","1","20","13","3","10","30",NA
"45132","2","20","9","2","7","21",NA
"45132","3","20","14","3","11","33",NA
"45132","4","20","10","0","10","30",NA
"45132","5","20","18","0","18","54",NA
"45132","6","20","7","2","5","15",NA
"45132","7","20","8","1","7","21",NA
"45132","8","20","14","0","14","42",NA
"45132","9","20","33","0","33","99",NA
"45132","10","20","17","0","17","51",NA
"45132","11","20","11","0","11","33",NA
"45132","12","20","22","0","22","66",NA
"45132","13","20","8","0","8","24",NA
"45132","14","20","5","1","4","12",NA
"45132","15","20","14","0","14","42",NA
"45132","16","20","4","0","4","12",NA
"45132","17","20","13","0","13","39",NA
"45132","18","20","6","0","6","18",NA
"45132","19","20","2","0","2","6",NA
"45132","20","20","10","0","10","30",NA
"45132","21","20","18","1","17","51",NA
"45132","22","20","16","3","13","39",NA
"45132","23","20","16","3","13","39",NA
"45133","0","20","11","4","7","21",NA
"45133","1","20","21","2","19","57",NA
"45133","2","20","28","2","26","78",NA
"45133","3","20","17","4","13","39",NA
"45133","4","20","10","0","10","30",NA
"45133","5","20","20","0","20","60",NA
"45133","6","20","7","0","7","21",NA
"45133","7","20","3","0","3","9",NA
"45133","8","20","11","0","11","33",NA
"45133","9","20","14","0","14","42",NA
"45133","10","20","22","0","22","66",NA
"45133","11","20","6","0","6","18",NA
"45133","12","20","12","0","12","36",NA
"45133","13","20","26","0","26","78",NA
"45133","14","20","13","0","13","39",NA
"45133","15","20","14","1","13","39",NA
"45133","16","20","5","0","5","15",NA
"45133","17","20","4","0","4","12",NA
"45133","18","20","5","0","5","15",NA
"45133","19","20","0","0","0","0",NA
"45133","20","20","1","0","1","3",NA
"45133","21","20","5","1","4","12",NA
"45133","22","20","13","0","13","39",NA
"45133","23","20","4","4","0","0",NA
"45134","0","20","7","4","3","9",NA
"45134","1","20","7","3","4","12",NA
"45134","2","20","5","0","5","15",NA
"45134","3","20","5","0","5","15",NA
"45134","4","20","6","0","6","18",NA
"45134","5","20","15","0","15","45",NA
"45134","6","20","8","0","8","24",NA
"45134","7","20","6","0","6","18",NA
"45134","8","20","0","0","0","0",NA
"45134","9","20","6","0","6","18",NA
"45134","10","20","11","0","11","33",NA
"45134","11","20","9","0","9","27",NA
"45134","12","20","8","1","7","21",NA
"45134","13","20","14","1","13","39",NA
"45134","14","20","15","0","15","45",NA
"45134","15","20","4","1","3","9",NA
"45134","16","20","8","0","8","24",NA
"45134","17","20","5","0","5","15",NA
"45134","18","20","4","0","4","12",NA
"45134","19","20","0","0","0","0",NA
"45134","20","20","4","0","4","12",NA
"45134","21","20","0","0","0","0",NA
"45134","22","20","14","1","13","39",NA
"45134","23","20","10","1","9","27",NA
"45135","0","20","4","1","3","9",NA
"45135","1","20","8","2","6","18",NA
"45135","2","20","8","0","8","24",NA
"45135","3","20","4","2","2","6",NA
"45135","4","20","3","0","3","9",NA
"45135","5","20","10","0","10","30",NA
"45135","6","20","5","0","5","15",NA
"45135","7","20","2","0","2","6",NA
"45135","8","20","2","0","2","6",NA
"45135","9","20","1","0","1","3",NA
"45135","10","20","10","0","10","30",NA
"45135","11","20","6","0","6","18",NA
"45135","12","20","9","0","9","27",NA
"45135","13","20","12","1","11","33",NA
"45135","14","20","7","0","7","21",NA
"45135","15","20","8","0","8","24",NA
"45135","16","20","4","0","4","12",NA
"45135","17","20","2","0","2","6",NA
"45135","18","20","3","0","3","9",NA
"45135","19","20","1","0","1","3",NA
"45135","20","20","8","0","8","24",NA
"45135","21","20","10","0","10","30",NA
"45135","22","20","4","1","3","9",NA
"45135","23","20","8","1","7","21",NA
"45136","0","20","9","2","7","21",NA
"45136","1","20","7","1","6","18",NA
"45136","2","20","4","2","2","6",NA
"45136","3","20","12","1","11","33",NA
"45136","4","20","3","0","3","9",NA
"45136","5","20","17","0","17","51",NA
"45136","6","20","4","0","4","12",NA
"45136","7","20","13","2","11","33",NA
"45136","8","20","12","1","11","33",NA
"45136","9","20","14","0","14","42",NA
"45136","10","20","5","0","5","15",NA
"45136","11","20","10","0","10","30",NA
"45136","12","20","7","0","7","21",NA
"45136","13","20","12","0","12","36",NA
"45136","14","20","6","0","6","18",NA
"45136","15","20","4","0","4","12",NA
"45136","16","20","6","0","6","18",NA
"45136","17","20","5","0","5","15",NA
"45136","18","20","3","0","3","9",NA
"45136","19","20","3","0","3","9",NA
"45136","20","20","3","0","3","9",NA
"45136","21","20","3","0","3","9",NA
"45136","22","20","9","1","8","24",NA
"45136","23","20","5","2","3","9",NA
"45137","0","20","1","1","0","0",NA
"45137","1","20","7","0","7","21",NA
"45137","2","20","10","4","6","18",NA
"45137","3","20","7","1","6","18",NA
"45137","4","20","4","0","4","12",NA
"45137","5","20","13","0","13","39",NA
"45137","6","20","7","0","7","21",NA
"45137","7","20","4","0","4","12",NA
"45137","8","20","10","1","9","27",NA
"45137","9","20","7","1","6","18",NA
"45137","10","20","9","0","9","27",NA
"45137","11","20","6","2","4","12",NA
"45137","12","20","9","0","9","27",NA
"45137","13","20","8","1","7","21",NA
"45137","14","20","13","2","11","33",NA
"45137","15","20","9","0","9","27",NA
"45137","16","20","3","1","2","6",NA
"45137","17","20","3","1","2","6",NA
"45137","18","20","3","3","0","0",NA
"45137","19","20","1","3","-2","-6",NA
"45137","20","20","5","1","4","12",NA
"45137","21","20","3","0","3","9",NA
"45137","22","20","4","3","1","3",NA
"45137","23","20","9","3","6","18",NA
"45138","0","20","6","2","4","12",NA
"45138","1","20","9","1","8","24",NA
"45138","2","20","11","2","9","27",NA
"45138","3","20","7","2","5","15",NA
"45138","4","20","6","1","5","15",NA
"45138","5","20","17","1","16","48",NA
"45138","6","20","9","2","7","21",NA
"45138","7","20","3","2","1","3",NA
"45138","8","20","8","0","8","24",NA
"45138","9","20","15","0","15","45",NA
"45138","10","20","19","0","19","57",NA
"45138","11","20","21","2","19","57",NA
"45138","12","20","7","0","7","21",NA
"45138","13","20","20","0","20","60",NA
"45138","14","20","9","1","8","24",NA
"45138","15","20","13","0","13","39",NA
"45138","16","20","3","1","2","6",NA
"45138","17","20","3","0","3","9",NA
"45138","18","20","4","0","4","12",NA
"45138","19","20","11","0","11","33",NA
"45138","20","20","10","1","9","27",NA
"45138","21","20","6","0","6","18",NA
"45138","22","20","8","1","7","21",NA
"45138","23","20","4","1","3","9",NA
"45139","0","20","9","2","7","21",NA
"45139","1","20","8","0","8","24",NA
"45139","2","20","12","0","12","36",NA
"45139","3","20","13","2","11","33",NA
"45139","4","20","6","2","4","12",NA
"45139","5","20","10","0","10","30",NA
"45139","6","20","4","0","4","12",NA
"45139","7","20","6","0","6","18",NA
"45139","8","20","9","1","8","24",NA
"45139","9","20","6","1","5","15",NA
"45139","10","20","14","0","14","42",NA
"45139","11","20","10","0","10","30",NA
"45139","12","20","9","0","9","27",NA
"45139","13","20","10","2","8","24",NA
"45139","14","20","7","0","7","21",NA
"45139","15","20","5","1","4","12",NA
"45139","16","20","5","1","4","12",NA
"45139","17","20","2","0","2","6",NA
"45139","18","20","17","2","15","45",NA
"45139","19","20","2","1","1","3",NA
"45139","20","20","1","0","1","3",NA
"45139","21","20","3","0","3","9",NA
"45139","22","20","7","0","7","21",NA
"45139","23","20","7","0","7","21",NA
"45140","0","20","4","0","4","12",NA
"45140","1","20","5","1","4","12",NA
"45140","2","20","9","0","9","27",NA
"45140","3","20","7","0","7","21",NA
"45140","4","20","3","0","3","9",NA
"45140","5","20","15","0","15","45",NA
"45140","6","20","7","1","6","18",NA
"45140","7","20","3","0","3","9",NA
"45140","8","20","11","1","10","30",NA
"45140","9","20","7","0","7","21",NA
"45140","10","20","25","1","24","72",NA
"45140","11","20","9","0","9","27",NA
"45140","12","20","13","1","12","36",NA
"45140","13","20","12","1","11","33",NA
"45140","14","20","10","0","10","30",NA
"45140","15","20","4","0","4","12",NA
"45140","16","20","6","1","5","15",NA
"45140","17","20","3","0","3","9",NA
"45140","18","20","1","1","0","0",NA
"45140","19","20","4","2","2","6",NA
"45140","20","20","8","0","8","24",NA
"45140","21","20","4","0","4","12",NA
"45140","22","20","10","0","10","30",NA
"45140","23","20","15","0","15","45",NA
"45141","0","20","16","0","16","48",NA
"45141","1","20","18","1","17","51",NA
"45141","2","20","9","0","9","27",NA
"45141","3","20","10","0","10","30",NA
"45141","4","20","4","0","4","12",NA
"45141","5","20","10","1","9","27",NA
"45141","6","20","12","0","12","36",NA
"45141","7","20","1","0","1","3",NA
"45141","8","20","3","0","3","9",NA
"45141","9","20","17","0","17","51",NA
"45141","10","20","29","1","28","84",NA
"45141","11","20","6","0","6","18",NA
"45141","12","20","2","0","2","6",NA
"45141","13","20","13","0","13","39",NA
"45141","14","20","12","0","12","36",NA
"45141","15","20","6","0","6","18",NA
"45141","16","20","3","1","2","6",NA
"45141","17","20","2","0","2","6",NA
"45141","18","20","3","0","3","9",NA
"45141","19","20","3","0","3","9",NA
"45141","20","20","1","0","1","3",NA
"45141","21","20","5","0","5","15",NA
"45141","22","20","10.5","0","10.5","31.5","No file, HD full"
"45141","23","20","16","0","16","48",NA
"45142","0","20","13","0","13","39",NA
"45142","1","20","22","0","22","66",NA
"45142","2","20","19","0","19","57",NA
"45142","3","20","9","0","9","27",NA
"45142","4","20","11","0","11","33",NA
"45142","5","20","11","0","11","33",NA
"45142","6","20","8","0","8","24",NA
"45142","7","20","3","0","3","9",NA
"45142","8","20","10","0","10","30",NA
"45142","9","20","16","1","15","45",NA
"45142","10","20","23","1","22","66",NA
"45142","11","20","11","0","11","33",NA
"45142","12","20","24","0","24","72",NA
"45142","13","20","14","0","14","42",NA
"45142","14","20","5","0","5","15",NA
"45142","15","20","5","0","5","15",NA
"45142","16","20","11","0","11","33",NA
"45142","17","20","22","0","22","66",NA
"45142","18","20","10","0","10","30",NA
"45142","19","20","2","0","2","6",NA
"45142","20","20","11","0","11","33",NA
"45142","21","20","29","0","29","87",NA
"45142","22","20","52","3","49","147",NA
"45142","23","20","34","0","34","102",NA
"45143","0","20","24","3","21","63",NA
"45143","1","20","19","0","19","57",NA
"45143","2","20","21","0","21","63",NA
"45143","3","20","24","0","24","72",NA
"45143","4","20","12","0","12","36",NA
"45143","5","20","14","0","14","42",NA
"45143","6","20","6","0","6","18",NA
"45143","7","20","2","0","2","6",NA
"45143","8","20","6","1","5","15",NA
"45143","9","20","16","0","16","48",NA
"45143","10","20","9","0","9","27",NA
"45143","11","20","13","0","13","39",NA
"45143","12","20","27","0","27","81",NA
"45143","13","20","29","0","29","87",NA
"45143","14","20","9","1","8","24",NA
"45143","15","20","11","0","11","33",NA
"45143","16","20","6","0","6","18",NA
"45143","17","20","5","0","5","15",NA
"45143","18","20","8","0","8","24",NA
"45143","19","20","3","0","3","9",NA
"45143","20","20","5","0","5","15",NA
"45143","21","20","3","2","1","3",NA
"45143","22","20","25","0","25","75",NA
"45143","23","20","26","2","24","72",NA
"45144","0","20","38","1","37","111",NA
"45144","1","20","27","2","25","75",NA
"45144","2","20","19","1","18","54",NA
"45144","3","20","22","0","22","66",NA
"45144","4","20","19","1","18","54",NA
"45144","5","20","17","0","17","51",NA
"45144","6","20","10","0","10","30",NA
"45144","7","20","6","2","4","12",NA
"45144","8","20","16","0","16","48",NA
"45144","9","20","3","1","2","6",NA
"45144","10","20","6","3","3","9",NA
"45144","11","20","4","0","4","12",NA
"45144","12","20","7","0","7","21",NA
"45144","13","20","12","0","12","36",NA
"45144","14","20","16","0","16","48",NA
"45144","15","20","7","0","7","21",NA
"45144","16","20","7","1","6","18",NA
"45144","17","20","4","0","4","12",NA
"45144","18","20","9","0","9","27",NA
"45144","19","20","4","1","3","9",NA
"45144","20","20","6","0","6","18",NA
"45144","21","20","5","0","5","15",NA
"45144","22","20","27","0","27","81",NA
"45144","23","20","32","0","32","96",NA
"45145","0","20","61","1","60","180",NA
"45145","1","20","29","0","29","87",NA
"45145","2","20","28","0","28","84",NA
"45145","3","10","10","1","9","54",NA
"45145","4",NA,NA,NA,NA,"24","Sonar lost connection LB used to estimate RB"
"45145","5",NA,NA,NA,NA,"48","Sonar lost connection LB used to estimate RB"
"45145","6",NA,NA,NA,NA,"45","Sonar lost connection LB used to estimate RB"
"45145","7",NA,NA,NA,NA,"45","Sonar lost connection LB used to estimate RB"
"45145","8",NA,NA,NA,NA,"21","Sonar lost connection LB used to estimate RB"
"45145","9","20","5","0","5","15",NA
"45145","10","20","4","0","4","12",NA
"45145","11","20","8","0","8","24",NA
"45145","12","20","25","0","25","75",NA
"45145","13","20","11","1","10","30",NA
"45145","14","20","26","2","24","72",NA
"45145","15","20","11","2","9","27",NA
"45145","16","20","6","1","5","15",NA
"45145","17","20","16","0","16","48",NA
"45145","18","20","8","1","7","21",NA
"45145","19","20","6","3","3","9",NA
"45145","20","20","3","0","3","9",NA
"45145","21","20","14","1","13","39",NA
"45145","22","20","11","2","9","27",NA
"45145","23","20","14","0","14","42",NA
"45146","0","20","13","0","13","39",NA
"45146","1","20","15","0","15","45",NA
"45146","2","20","16","4","12","36",NA
"45146","3","20","13","3","10","30",NA
"45146","4","20","20","1","19","57",NA
"45146","5","20","10","1","9","27",NA
"45146","6","20","19","0","19","57",NA
"45146","7","20","6","0","6","18",NA
"45146","8","20","14","0","14","42",NA
"45146","9","20","5","0","5","15",NA
"45146","10","20","4","0","4","12",NA
"45146","11","20","12","0","12","36",NA
"45146","12","20","8","0","8","24",NA
"45146","13","20","22","0","22","66",NA
"45146","14","20","14","0","14","42",NA
"45146","15","20","27","1","26","78",NA
"45146","16","20","16","0","16","48",NA
"45146","17","20","15","0","15","45",NA
"45146","18","20","7","0","7","21",NA
"45146","19","20","2","1","1","3",NA
"45146","20","20","9","0","9","27",NA
"45146","21","20","11","0","11","33",NA
"45146","22","20","31","3","28","84",NA
"45146","23","20","23","1","22","66",NA
"45147","0","20","39","2","37","111",NA
"45147","1","20","38","3","35","105",NA
"45147","2","20","35","0","35","105",NA
"45147","3","20","47","2","45","135",NA
"45147","4","20","29","0","29","87",NA
"45147","5","20","22","0","22","66",NA
"45147","6","20","12","0","12","36",NA
"45147","7","20","3","0","3","9",NA
"45147","8","20","20","1","19","57",NA
"45147","9","20","16","0","16","48",NA
"45147","10","20","25","0","25","75",NA
"45147","11","20","10","0","10","30",NA
"45147","12","20","6","0","6","18",NA
"45147","13","20","15","0","15","45",NA
"45147","14","20","11","0","11","33",NA
"45147","15","20","33","0","33","99",NA
"45147","16","20","7","0","7","21",NA
"45147","17","20","6","0","6","18",NA
"45147","18","20","6","1","5","15",NA
"45147","19","20","1","0","1","3",NA
"45147","20","20","0","0","0","0",NA
"45147","21","20","36","1","35","105",NA
"45147","22","20","65","2","63","189",NA
"45147","23","20","59","3","56","168",NA
"45148","0","20","66","1","65","195",NA
"45148","1","20","47","1","46","138",NA
"45148","2","20","56","5","51","153",NA
"45148","3","20","85","6","79","237",NA
"45148","4","20","39","2","37","111",NA
"45148","5","20","44","0","44","132",NA
"45148","6","20","50","1","49","147",NA
"45148","7","20","2","0","2","6",NA
"45148","8","20","22","1","21","63",NA
"45148","9","20","7","1","6","18",NA
"45148","10","20","9","0","9","27",NA
"45148","11","20","13","1","12","36",NA
"45148","12","20","17","0","17","51",NA
"45148","13","20","40","0","40","120",NA
"45148","14","20","11","0","11","33",NA
"45148","15","20","12","1","11","33",NA
"45148","16","20","13","0","13","39",NA
"45148","17","20","8","0","8","24",NA
"45148","18","20","7","0","7","21",NA
"45148","19",NA,NA,NA,NA,"15","File Corrupted. Average of before and after used"
"45148","20","20","3","0","3","9",NA
"45148","21","20","20","0","20","60",NA
"45148","22","20","26","3","23","69",NA
"45148","23","20","13","2","11","33",NA
"45149","0","20","31","7","24","72",NA
"45149","1","20","29","4","25","75",NA
"45149","2","20","21","3","18","54",NA
"45149","3","20","38","0","38","114",NA
"45149","4","20","23","2","21","63",NA
"45149","5","20","9","0","9","27",NA
"45149","6","20","4","0","4","12",NA
"45149","7","20","5","0","5","15",NA
"45149","8","20","10","1","9","27",NA
"45149","9","20","14","2","12","36",NA
"45149","10","20","21","0","21","63",NA
"45149","11","20","25","0","25","75",NA
"45149","12","20","21","0","21","63",NA
"45149","13","20","11","1","10","30",NA
"45149","14","20","17","0","17","51",NA
"45149","15","20","11","0","11","33",NA
"45149","16","20","5","1","4","12",NA
"45149","17","20","27","1","26","78",NA
"45149","18","20","9","1","8","24",NA
"45149","19","20","11","0","11","33",NA
"45149","20","20","32","1","31","93",NA
"45149","21","20","44","7","37","111",NA
"45149","22","20","35","2","33","99",NA
"45149","23","20","26","3","23","69",NA
"45150","0","20","29","3","26","78",NA
"45150","1","20","39","2","37","111",NA
"45150","2","20","38","4","34","102",NA
"45150","3","20","46","3","43","129",NA
"45150","4","20","36","5","31","93",NA
"45150","5","20","54","0","54","162",NA
"45150","6","20","41","0","41","122.99999999999999",NA
"45150","7","20","89","0","89","267",NA
"45150","8","20","55","1","54","162",NA
"45150","9","20","94","0","94","282",NA
"45150","10","20","77","0","77","231",NA
"45150","11","20","67","0","67","201",NA
"45150","12","20","57","0","57","171",NA
"45150","13","20","27","0","27","81",NA
"45150","14","20","17","0","17","51",NA
"45150","15","20","34","0","34","102",NA
"45150","16","20","17","0","17","51",NA
"45150","17","20","12","0","12","36",NA
"45150","18","20","22","0","22","66",NA
"45150","19","20","8","0","8","24",NA
"45150","20","20","18","2","16","48",NA
"45150","21","20","18","1","17","51",NA
"45150","22","20","14","2","12","36",NA
"45150","23","20","33","5","28","84",NA
"45151","0","20","32","4","28","84",NA
"45151","1","20","46","4","42","126",NA
"45151","2","20","19","1","18","54",NA
"45151","3","20","52","2","50","150",NA
"45151","4","20","29","0","29","87",NA
"45151","5","20","35","0","35","105",NA
"45151","6","20","52","0","52","156",NA
"45151","7","20","10","0","10","30",NA
"45151","8","20","21","0","21","63",NA
"45151","9","20","25","0","25","75",NA
"45151","10","20","16","0","16","48",NA
"45151","11","20","21","1","20","60",NA
"45151","12","20","8","0","8","24",NA
"45151","13","20","27","0","27","81",NA
"45151","14","20","25","0","25","75",NA
"45151","15","20","15","1","14","42",NA
"45151","16","20","8","0","8","24",NA
"45151","17","20","13","2","11","33",NA
"45151","18","20","17","0","17","51",NA
"45151","19","20","9","1","8","24",NA
"45151","20","20","67","0","67","201",NA
"45151","21","20","15","0","15","45",NA
"45151","22","20","17","1","16","48",NA
"45151","23","20","16","1","15","45",NA
"45152","0","20","6","2","4","12",NA
"45152","1","20","13","0","13","39",NA
"45152","2","20","13","0","13","39",NA
"45152","3","20","34","5","29","87",NA
"45152","4","20","25","3","22","66",NA
"45152","5","20","12","0","12","36",NA
"45152","6","20","20","0","20","60",NA
"45152","7","20","1","3","-2","-6",NA
"45152","8","20","19","0","19","57",NA
"45152","9","20","49","0","49","147",NA
"45152","10","20","11","0","11","33",NA
"45152","11","20","28","1","27","81",NA
"45152","12","20","3","4","-1","-3",NA
"45152","13","20","14","2","12","36",NA
"45152","14","20","24","1","23","69",NA
"45152","15","20","16","0","16","48",NA
"45152","16","20","1","0","1","3",NA
"45152","17","20","2","1","1","3",NA
"45152","18","20","2","1","1","3",NA
"45152","19","20","2","0","2","6",NA
"45152","20","20","4","1","3","9",NA
"45152","21","20","12","0","12","36",NA
"45152","22","20","20","1","19","57",NA
"45152","23","20","25","0","25","75",NA
"45153","0","20","27","6","21","63",NA
"45153","1","20","23","1","22","66",NA
"45153","2","20","31","3","28","84",NA
"45153","3","20","28","0","28","84",NA
"45153","4","20","39","2","37","111",NA
"45153","5","20","8","0","8","24",NA
"45153","6","20","8","0","8","24",NA
"45153","7","20","4","1","3","9",NA
"45153","8","20","32","0","32","96",NA
"45153","9","20","6","2","4","12",NA
"45153","10","20","9","2","7","21",NA
"45153","11","20","11","1","10","30",NA
"45153","12","20","12","1","11","33",NA
"45153","13","20","20","0","20","60",NA
"45153","14","20","15","2","13","39",NA
"45153","15","20","17","1","16","48",NA
"45153","16","20","3","1","2","6",NA
"45153","17","20","6","3","3","9",NA
"45153","18","20","7","1","6","18",NA
"45153","19","20","1","2","-1","-3",NA
"45153","20","20","7","0","7","21",NA
"45153","21","20","17","0","17","51",NA
"45153","22","20","12","1","11","33",NA
"45153","23","20","10","0","10","30",NA
"45154","0","20","12","2","10","30",NA
"45154","1","20","15","1","14","42",NA
"45154","2","20","32","1","31","93",NA
"45154","3","20","12","0","12","36",NA
"45154","4","20","50","0","50","150",NA
"45154","5","20","16","0","16","48",NA
"45154","6","20","15","0","15","45",NA
"45154","7","20","11","0","11","33",NA
"45154","8","20","76","2","74","222",NA
"45154","9","20","14","2","12","36",NA
"45154","10","20","23","0","23","69",NA
"45154","11","20","8","2","6","18",NA
"45154","12","20","24","0","24","72",NA
"45154","13","20","9","2","7","21",NA
"45154","14","20","31","1","30","90",NA
"45154","15","20","27","1","26","78",NA
"45154","16","20","9","0","9","27",NA
"45154","17","20","6","0","6","18",NA
"45154","18","20","6","3","3","9",NA
"45154","19","20","7","0","7","21",NA
"45154","20","20","1","2","-1","-3",NA
"45154","21","20","8","1","7","21",NA
"45154","22","20","19","2","17","51",NA
"45154","23","20","16","1","15","45",NA
"45155","0","20","17","1","16","48",NA
"45155","1","20","22","0","22","66",NA
"45155","2","20","30","2","28","84",NA
"45155","3","20","35","0","35","105",NA
"45155","4","20","57","0","57","171",NA
"45155","5","20","23","0","23","69",NA
"45155","6","20","12","0","12","36",NA
"45155","7","20","1","0","1","3",NA
"45155","8","20","30","0","30","90",NA
"45155","9","20","15","0","15","45",NA
"45155","10","20","11","0","11","33",NA
"45155","11","20","11","1","10","30",NA
"45155","12","20","14","1","13","39",NA
"45155","13","20","7","1","6","18",NA
"45155","14","20","23","1","22","66",NA
"45155","15","20","12","0","12","36",NA
"45155","16","20","1","0","1","3",NA
"45155","17","20","5","0","5","15",NA
"45155","18","20","6","0","6","18",NA
"45155","19","20","4","0","4","12",NA
"45155","20","20","1","0","1","3",NA
"45155","21","20","27","0","27","81",NA
"45155","22","20","39","0","39","117",NA
"45155","23","20","65","0","65","195",NA
"45156","0","20","43","1","42","126",NA
"45156","1","20","28","1","27","81",NA
"45156","2","20","76","0","76","228",NA
"45156","3","20","23","0","23","69",NA
"45156","4","20","62","2","60","180",NA
"45156","5","20","31","0","31","93",NA
"45156","6","20","10","0","10","30",NA
"45156","7","20","3","0","3","9",NA
"45156","8","20","12","0","12","36",NA
"45156","9","20","6","1","5","15",NA
"45156","10","20","10","0","10","30",NA
"45156","11","20","4","1","3","9",NA
"45156","12","20","5","0","5","15",NA
"45156","13","20","5","1","4","12",NA
"45156","14","20","3","0","3","9",NA
"45156","15","20","5","0","5","15",NA
"45156","16","20","1","0","1","3",NA
"45156","17","20","3","0","3","9",NA
"45156","18","20","12","2","10","30",NA
"45156","19","20","18","7","11","33","count didnâ€™t include fish avoiding the test fishery net, recount numbers used"
"45156","20","20","28","1","27","81",NA
"45156","21","20","71","4","67","201",NA
"45156","22","20","43","4","39","117",NA
"45156","23","20","62","0","62","186",NA
"45157","0","20","70","1","69","207",NA
"45157","1","20","64","0","64","192",NA
"45157","2","20","68","3","65","195",NA
"45157","3","20","62","0","62","186",NA
"45157","4","20","83","2","81","243",NA
"45157","5","20","41","2","39","117",NA
"45157","6","20","36","2","34","102",NA
"45157","7","20","17","1","16","48",NA
"45157","8","20","44","2","42","126",NA
"45157","9","20","64","0","64","192",NA
"45157","10","20","48","0","48","144",NA
"45157","11","20","37","0","37","111",NA
"45157","12","20","87","2","85","255",NA
"45157","13","20","68","1","67","201",NA
"45157","14","20","151","1","150","450",NA
"45157","15","20","146","1","145","435",NA
"45157","16","20","179","0","179","537",NA
"45157","17","20","156","2","154","462",NA
"45157","18","20","74","1","73","219",NA
"45157","19","20","5","0","5","15",NA
"45157","20","20","23","1","22","66",NA
"45157","21","20","78","2","76","228",NA
"45157","22","20","82","2","80","240",NA
"45157","23","20","144","1","143","429",NA
"45158","0","20","85","5","80","240",NA
"45158","1","20","81","2","79","237",NA
"45158","2","20","76","2","74","222",NA
"45158","3","20","54","0","54","162",NA
"45158","4","20","86","0","86","258",NA
"45158","5","20","23","1","22","66",NA
"45158","6","20","26","3","23","69",NA
"45158","7","20","31","0","31","93",NA
"45158","8","20","13","0","13","39",NA
"45158","9","20","37","0","37","111",NA
"45158","10","20","32","0","32","96",NA
"45158","11","20","47","0","47","141",NA
"45158","12","20","14","0","14","42",NA
"45158","13","20","15","0","15","45",NA
"45158","14","20","8","0","8","24",NA
"45158","15","20","9","0","9","27",NA
"45158","16","20","19","2","17","51",NA
"45158","17","20","7","0","7","21",NA
"45158","18","20","4","1","3","9",NA
"45158","19","20","7","8","-1","-3",NA
"45158","20","20","3","0","3","9",NA
"45158","21","20","48","0","48","144",NA
"45158","22","20","40","4","36","108",NA
"45158","23","20","67","4","63","189",NA
"45159","0","20","89","0","89","267",NA
"45159","1","20","46","1","45","135",NA
"45159","2","20","54","4","50","150",NA
"45159","3","20","70","2","68","204",NA
"45159","4","20","55","1","54","162",NA
"45159","5","20","20","0","20","60",NA
"45159","6","20","14","0","14","42",NA
"45159","7","20","3","0","3","9",NA
"45159","8","20","9","0","9","27",NA
"45159","9","20","36","0","36","108",NA
"45159","10","20","9","0","9","27",NA
"45159","11","20","22","2","20","60",NA
"45159","12","20","9","1","8","24",NA
"45159","13","20","8","0","8","24",NA
"45159","14","20","14","0","14","42",NA
"45159","15","20","25","0","25","75",NA
"45159","16","20","7","1","6","18",NA
"45159","17","20","17","1","16","48",NA
"45159","18","20","23","0","23","69",NA
"45159","19","20","4","0","4","12",NA
"45159","20","20","5","0","5","15",NA
"45159","21","20","84","4","80","240",NA
"45159","22","20","54","1","53","159",NA
"45159","23","20","58","5","53","159",NA
"45160","0","20","53","2","51","153",NA
"45160","1","20","73","2","71","213",NA
"45160","2","20","60","1","59","177",NA
"45160","3","20","40","1","39","117",NA
"45160","4","20","161","5","156","468",NA
"45160","5","20","10","0","10","30",NA
"45160","6","20","27","0","27","81",NA
"45160","7","20","5","1","4","12",NA
"45160","8","20","9","1","8","24",NA
"45160","9","20","11","1","10","30",NA
"45160","10","20","9","0","9","27",NA
"45160","11","20","9","1","8","24",NA
"45160","12","20","7","0","7","21",NA
"45160","13","20","6","0","6","18",NA
"45160","14","20","8","1","7","21",NA
"45160","15","20","9","2","7","21",NA
"45160","16","20","11","0","11","33",NA
"45160","17","20","9","3","6","18",NA
"45160","18","20","19","4","15","45",NA
"45160","19","20","27","2","25","75",NA
"45160","20","20","80","3","77","231",NA
"45160","21","20","51","6","45","135",NA
"45160","22","20","31","9","22","66",NA
"45160","23","20","52","4","48","144",NA
"45161","0","20","34","3","31","93",NA
"45161","1","20","44","4","40","120",NA
"45161","2","20","49","1","48","144",NA
"45161","3","20","56","5","51","153",NA
"45161","4","20","62","9","53","159",NA
"45161","5","20","52","3","49","147",NA
"45161","6","20","45","0","45","135",NA
"45161","7","20","19","0","19","57",NA
"45161","8","20","54","0","54","162",NA
"45161","9","20","40","0","40","120",NA
"45161","10","20","39","0","39","117",NA
"45161","11","20","208","0","208","624",NA
"45161","12","20","103","0","103","309",NA
"45161","13","20","79","0","79","237",NA
"45161","14","20","110","0","110","330",NA
"45161","15","20","258","0","258","774",NA
"45161","16","20","169","0","169","506.99999999999994",NA
"45161","17","20","86","0","86","258",NA
"45161","18","20","68","1","67","201",NA
"45161","19","20","4","0","4","12",NA
"45161","20","20","52","0","52","156",NA
"45161","21","20","74","2","72","216",NA
"45161","22","20","48","2","46","138",NA
"45161","23","20","76","3","73","219",NA
"45162","0","20","58","4","54","162",NA
"45162","1","20","34","2","32","96",NA
"45162","2","20","43","6","37","111",NA
"45162","3","20","55","2","53","159",NA
"45162","4","20","91","5","86","258",NA
"45162","5","20","33","1","32","96",NA
"45162","6","20","72","0","72","216",NA
"45162","7","20","29","0","29","87",NA
"45162","8","20","58","2","56","168",NA
"45162","9","20","72","5","67","201",NA
"45162","10","20","30","15","15","45",NA
"45162","11","20","23","17","6","18",NA
"45162","12","20","26","16","10","30",NA
"45162","13","20","19","33","-14","-42",NA
"45162","14","20","21","12","9","27",NA
"45162","15","20","34","27","7","21",NA
"45162","16","20","19","23","-4","-12",NA
"45162","17","20","41","20","21","63",NA
"45162","18","20","40","8","32","96",NA
"45162","19","20","8","0","8","24",NA
"45162","20","20","12","3","9","27",NA
"45162","21","20","39","10","29","87",NA
"45162","22","20","39","9","30","90",NA
"45162","23","20","44","2","42","126",NA
"45163","0","20","28","1","27","81",NA
"45163","1","20","22","2","20","60",NA
"45163","2","20","23","1","22","66",NA
"45163","3","20","39","3","36","108",NA
"45163","4","20","28","0","28","84",NA
"45163","5","20","12","0","12","36",NA
"45163","6","20","30","2","28","84",NA
"45163","7","20","1","0","1","3",NA
"45163","8","20","18","1","17","51",NA
"45163","9","20","64","1","63","189",NA
"45163","10","20","18","1","17","51",NA
"45163","11","20","38","0","38","114",NA
"45163","12","20","9","2","7","21",NA
"45163","13","20","10","2","8","24",NA
"45163","14","20","29","1","28","84",NA
"45163","15","20","31","0","31","93",NA
"45163","16","20","18","1","17","51",NA
"45163","17","20","29","4","25","75",NA
"45163","18","20","18","7","11","33",NA
"45163","19","20","19","22","-3","-9",NA
"45163","20","20","43","93","-50","-150",NA
"45163","21","20","37","39","-2","-6",NA
"45163","22","20","38","12","26","78",NA
"45163","23","20","36","1","35","105",NA
"45164","0","20","39","7","32","96",NA
"45164","1","20","30","4","26","78",NA
"45164","2","20","36","2","34","102",NA
"45164","3","20","34","9","25","75",NA
"45164","4","20","44","0","44","132",NA
"45164","5","20","115","8","107","321",NA
"45164","6","20","62","59","3","9",NA
"45164","7","20","41","3","38","114",NA
"45164","8","20","431","0","431","1293",NA
"45164","9","20","228","0","228","684",NA
"45164","10","20","251","1","250","750",NA
"45164","11","20","148","1","147","441",NA
"45164","12","20","166","1","165","495",NA
"45164","13","20","223","1","222","666",NA
"45164","14","20","265","0","265","795",NA
"45164","15","20","302","1","301","903",NA
"45164","16","20","104","0","104","312",NA
"45164","17","20","77","1","76","228",NA
"45164","18","20","78","1","77","231",NA
"45164","19","20","6","0","6","18",NA
"45164","20","20","10","0","10","30",NA
"45164","21","20","29","0","29","87",NA
"45164","22","20","32","5","27","81",NA
"45164","23","20","38","5","33","99",NA
"45165","0","20","30","6","24","72",NA
"45165","1","20","40","4","36","108",NA
"45165","2","20","24","3","21","63",NA
"45165","3","20","45","1","44","132",NA
"45165","4","20","46","3","43","129",NA
"45165","5","20","33","3","30","90",NA
"45165","6","20","27","1","26","78",NA
"45165","7","20","25","6","19","57",NA
"45165","8","20","80","0","80","240",NA
"45165","9","20","71","1","70","210",NA
"45165","10","20","29","0","29","87",NA
"45165","11","20","44","0","44","132",NA
"45165","12","20","187","2","185","555",NA
"45165","13","20","217","1","216","648",NA
"45165","14","20","277","3","274","822",NA
"45165","15","20","391","4","387","1161",NA
"45165","16","20","46","0","46","138",NA
"45165","17","20","41","0","41","122.99999999999999",NA
"45165","18","20","41","0","41","122.99999999999999",NA
"45165","19","20","6","0","6","18",NA
"45165","20","20","78","0","78","234",NA
"45165","21","20","34","0","34","102",NA
"45165","22","20","19","4","15","45",NA
"45165","23","20","22","3","19","57",NA
"45166","0","20","24","4","20","60",NA
"45166","1","20","19","2","17","51",NA
"45166","2","20","35","2","33","99",NA
"45166","3","20","26","1","25","75",NA
"45166","4","20","15","1","14","42",NA
"45166","5","20","15","3","12","36",NA
"45166","6","20","40","0","40","120",NA
"45166","7","20","10","1","9","27",NA
"45166","8","20","25","1","24","72",NA
"45166","9","20","37","3","34","102",NA
"45166","10","20","36","2","34","102",NA
"45166","11","20","56","1","55","165",NA
"45166","12","20","28","2","26","78",NA
"45166","13","20","95","3","92","276",NA
"45166","14","20","52","2","50","150",NA
"45166","15","20","38","3","35","105",NA
"45166","16","20","29","2","27","81",NA
"45166","17","20","11","2","9","27",NA
"45166","18","20","15","1","14","42",NA
"45166","19","20","7","2","5","15",NA
"45166","20","20","13","2","11","33",NA
"45166","21","20","45","5","40","120",NA
"45166","22","20","24","2","22","66",NA
"45166","23","20","20","5","15","45",NA
"45167","0","20","24","3","21","63",NA
"45167","1","20","28","1","27","81",NA
"45167","2","20","26","3","23","69",NA
"45167","3","20","34","2","32","96",NA
"45167","4","20","24","3","21","63",NA
"45167","5","20","21","0","21","63",NA
"45167","6","20","17","1","16","48",NA
"45167","7","20","13","2","11","33",NA
"45167","8","20","52","0","52","156",NA
"45167","9","20","35","1","34","102",NA
"45167","10","20","15","2","13","39",NA
"45167","11","20","34","0","34","102",NA
"45167","12","20","18","1","17","51",NA
"45167","13","20","40","0","40","120",NA
"45167","14","20","24","2","22","66",NA
"45167","15",NA,NA,NA,NA,"24","No File, system error. LB used to estime RB"
"45167","16",NA,NA,NA,NA,"12","No File, system error. LB used to estime RB"
"45167","17",NA,NA,NA,NA,"9","No File, system error. LB used to estime RB"
"45167","18",NA,NA,NA,NA,"18","No File, system error. LB used to estime RB"
"45167","19","20","14","4","10","30",NA
"45167","20","20","15","13","2","6",NA
"45167","21","20","21","7","14","42",NA
"45167","22","20","28","8","20","60",NA
"45167","23","20","31","4","27","81",NA
"45168","0","20","42","5","37","111",NA
"45168","1","20","52","7","45","135",NA
"45168","2","20","49","3","46","138",NA
"45168","3","20","23","5","18","54",NA
"45168","4","20","31","8","23","69",NA
"45168","5","20","19","1","18","54",NA
"45168","6","20","9","0","9","27",NA
"45168","7","20","9","1","8","24",NA
"45168","8","20","25","0","25","75",NA
"45168","9","20","12","0","12","36",NA
"45168","10","20","24","1","23","69",NA
"45168","11","20","18","0","18","54",NA
"45168","12","20","13","0","13","39",NA
"45168","13","20","34","1","33","99",NA
"45168","14","20","42","2","40","120",NA
"45168","15","20","24","0","24","72",NA
"45168","16","20","17","1","16","48",NA
"45168","17","20","32","0","32","96",NA
"45168","18","20","24","0","24","72",NA
"45168","19","20","8","0","8","24",NA
"45168","20","20","61","1","60","180",NA
"45168","21","20","51","1","50","150",NA
"45168","22","20","47","3","44","132",NA
"45168","23","20","34","1","33","99",NA
"45169","0","20","32","3","29","87",NA
"45169","1","20","36","3","33","99",NA
"45169","2","20","29","2","27","81",NA
"45169","3","20","35","2","33","99",NA
"45169","4","20","52","3","49","147",NA
"45169","5","20","19","0","19","57",NA
"45169","6","20","11","0","11","33",NA
"45169","7","20","41","2","39","117",NA
"45169","8","20","13","1","12","36",NA
"45169","9","20","12","0","12","36",NA
"45169","10","20","21","0","21","63",NA
"45169","11","20","17","2","15","45",NA
"45169","12","20","49","0","49","147",NA
"45169","13","20","11","0","11","33",NA
"45169","14","20","19","0","19","57",NA
"45169","15","20","21","0","21","63",NA
"45169","16","20","15","1","14","42",NA
"45169","17","20","5","0","5","15",NA
"45169","18","20","4","0","4","12",NA
"45169","19","20","39","1","38","114",NA
"45169","20","20","45","0","45","135",NA
"45169","21","20","54","0","54","162",NA
"45169","22","20","25","0","25","75",NA
"45169","23","20","20","2","18","54",NA
"45170","0","20","22","0","22","66",NA
"45170","1","20","37","0","37","111",NA
"45170","2","20","26","1","25","75",NA
"45170","3","20","14","0","14","42",NA
"45170","4","20","35","1","34","102",NA
"45170","5","20","20","0","20","60",NA
"45170","6","20","25","0","25","75",NA
"45170","7","20","14","1","13","39",NA
"45170","8","20","13","1","12","36",NA
"45170","9","20","20","0","20","60",NA
"45170","10","20","25","0","25","75",NA
"45170","11","20","24","1","23","69",NA
"45170","12","20","38","1","37","111",NA
"45170","13","20","23","0","23","69",NA
"45170","14","20","37","0","37","111",NA
"45170","15","20","28","0","28","84",NA
"45170","16","20","14","0","14","42",NA
"45170","17","20","20","1","19","57",NA
"45170","18","20","25","0","25","75",NA
"45170","19","20","3","0","3","9",NA
"45170","20","20","43","1","42","126",NA
"45170","21","20","26","0","26","78",NA
"45170","22","20","45","2","43","129",NA
"45170","23","20","44","0","44","132",NA
"45171","0","20","58","2","56","168",NA
"45171","1","20","33","0","33","99",NA
"45171","2","20","48","1","47","141",NA
"45171","3","20","26","1","25","75",NA
"45171","4","20","43","0","43","129",NA
"45171","5","20","26","0","26","78",NA
"45171","6","20","21","1","20","60",NA
"45171","7","20","55","1","54","162",NA
"45171","8","20","35","1","34","102",NA
"45171","9","20","45","0","45","135",NA
"45171","10","20","71","0","71","213",NA
"45171","11","20","68","0","68","204",NA
"45171","12","20","149","1","148","444",NA
"45171","13","20","249","0","249","747",NA
"45171","14","20","217","0","217","651",NA
"45171","15","20","278","1","277","831",NA
"45171","16","20","148","0","148","444",NA
"45171","17","20","83","0","83","249.00000000000003",NA
"45171","18","20","120","0","120","360",NA
"45171","19","20","58","0","58","174",NA
"45171","20","20","88","3","85","255",NA
"45171","21","20","64","0","64","192",NA
"45171","22","20","38","0","38","114",NA
"45171","23","20","48","1","47","141",NA
"45172","0","20","47","0","47","141",NA
"45172","1","20","21","0","21","63",NA
"45172","2","20","44","1","43","129",NA
"45172","3","20","62","0","62","186",NA
"45172","4","20","42","0","42","126",NA
"45172","5","20","43","2","41","122.99999999999999",NA
"45172","6","20","37","2","35","105",NA
"45172","7","20","27","1","26","78",NA
"45172","8","20","35","1","34","102",NA
"45172","9","20","46","0","46","138",NA
"45172","10","20","110","0","110","330",NA
"45172","11","20","95","0","95","285",NA
"45172","12","20","26","0","26","78",NA
"45172","13","20","37","0","37","111",NA
"45172","14","20","35","0","35","105",NA
"45172","15","20","69","0","69","207",NA
"45172","16","20","7","3","4","12",NA
"45172","17","20","19","1","18","54",NA
"45172","18","20","21","1","20","60",NA
"45172","19","20","17","7","10","30",NA
"45172","20","20","57","4","53","159",NA
"45172","21","20","30","3","27","81",NA
"45172","22","20","16","1","15","45",NA
"45172","23","20","30","7","23","69",NA
"45173","0","20","47","0","47","141",NA
"45173","1","20","76","2","74","222",NA
"45173","2","20","65","0","65","195",NA
"45173","3","20","89","2","87","261",NA
"45173","4","20","49","1","48","144",NA
"45173","5","20","61","1","60","180",NA
"45173","6","20","31","0","31","93",NA
"45173","7","20","33","2","31","93",NA
"45173","8","20","22","1","21","63",NA
"45173","9","20","45","0","45","135",NA
"45173","10","20","31","2","29","87",NA
"45173","11","20","34","0","34","102",NA
"45173","12","20","68","0","68","204",NA
"45173","13","20","9","2","7","21",NA
"45173","14","20","11","3","8","24",NA
"45173","15","20","14","0","14","42",NA
"45173","16","20","13","2","11","33",NA
"45173","17","20","10","1","9","27",NA
"45173","18","20","13","2","11","33",NA
"45173","19","20","29","2","27","81",NA
"45173","20","20","97","3","94","282",NA
"45173","21","20","249","1","248","744",NA
"45173","22","20","100","0","100","300",NA
"45173","23","20","20","0","20","60",NA
"45174","0","20","24","0","24","72",NA
"45174","1","20","32","0","32","96",NA
"45174","2","20","26","0","26","78",NA
"45174","3","20","32","4","28","84",NA
"45174","4","20","39","0","39","117",NA
"45174","5","20","24","1","23","69",NA
"45174","6","20","21","2","19","57",NA
"45174","7","20","19","1","18","54",NA
"45174","8","20","37","0","37","111",NA
"45174","9","20","39","2","37","111",NA
"45174","10","20","34","2","32","96",NA
"45174","11","20","30","1","29","87",NA
"45174","12","20","34","2","32","96",NA
"45174","13","20","45","0","45","135",NA
"45174","14","20","184","1","183","549",NA
"45174","15","20","61","2","59","177",NA
"45174","16","20","33","1","32","96",NA
"45174","17","20","51","2","49","147",NA
"45174","18","20","10","1","9","27",NA
"45174","19","20","10","0","10","30",NA
"45174","20","20","75","1","74","222",NA
"45174","21","20","17","1","16","48",NA
"45174","22","20","0","1","-1","-3",NA
"45174","23","20","2","4","-2","-6",NA
"45175","0","20","1","1","0","0",NA
"45175","1","20","2","0","2","6",NA
"45175","2","20","18","0","18","54",NA
"45175","3","20","24","4","20","60",NA
"45175","4","20","44","0","44","132",NA
"45175","5","20","18","0","18","54",NA
"45175","6","20","62","2","60","180",NA
"45175","7","20","10","0","10","30",NA
"45175","8","20","38","1","37","111",NA
"45175","9","20","49","4","45","135",NA
"45175","10","20","81","2","79","237",NA
"45175","11","20","31","2","29","87",NA
"45175","12","20","52","1","51","153",NA
"45175","13","20","81","0","81","243",NA
"45175","14","20","25","0","25","75",NA
"45175","15","20","38","1","37","111",NA
"45175","16","20","30","1","29","87",NA
"45175","17","20","20","0","20","60",NA
"45175","18","20","12","2","10","30",NA
"45175","19","20","27","3","24","72",NA
"45175","20","20","262","0","262","786",NA
"45175","21","20","3","0","3","9",NA
"45175","22","20","0","0","0","0",NA
"45175","23","20","1","0","1","3",NA
"45176","0","20","0","0","0","0",NA
"45176","1","20","3","0","3","9",NA
"45176","2","20","2","0","2","6",NA
"45176","3","20","11","0","11","33",NA
"45176","4","20","20","0","20","60",NA
"45176","5","20","6","0","6","18",NA
"45176","6","20","39","2","37","111",NA
"45176","7","20","6","2","4","12",NA
"45176","8","20","16","4","12","36",NA
"45176","9","20","38","2","36","108",NA
"45176","10","20","21","3","18","54",NA
"45176","11","20","114","4","110","330",NA
"45176","12","20","52","1","51","153",NA
"45176","13","20","124","1","123","369",NA
"45176","14","20","56","1","55","165",NA
"45176","15","20","36","3","33","99",NA
"45176","16","20","22","3","19","57",NA
"45176","17","20","31","2","29","87",NA
"45176","18","20","4","0","4","12",NA
"45176","19","20","17","4","13","39",NA
"45176","20","20","167","2","165","495",NA
"45176","21","20","58","12","46","138",NA
"45176","22","20","33","6","27","81",NA
"45176","23","20","32","4","28","84",NA
"45177","0","20","24","5","19","57",NA
"45177","1","20","16","2","14","42",NA
"45177","2","20","9","2","7","21",NA
"45177","3","20","33","0","33","99",NA
"45177","4","20","56","2","54","162",NA
"45177","5","20","35","1","34","102",NA
"45177","6","20","34","4","30","90",NA
"45177","7","20","13","4","9","27",NA
"45177","8","20","61","7","54","162",NA
"45177","9","20","44","2","42","126",NA
"45177","10","20","102","1","101","303",NA
"45177","11","20","118","0","118","354",NA
"45177","12","20","123","6","117","351",NA
"45177","13","20","94","2","92","276",NA
"45177","14","20","420","1","419","1257",NA
"45177","15","20","33","2","31","93",NA
"45177","16","20","39","2","37","111",NA
"45177","17","20","23","3","20","60",NA
"45177","18","20","19","3","16","48",NA
"45177","19","20","18","7","11","33",NA
"45177","20","20","138","5","133","399",NA
"45177","21","20","67","3","64","192",NA
"45177","22","20","44","2","42","126",NA
"45177","23","20","20","3","17","51",NA
"45178","0","20","23","3","20","60",NA
"45178","1","20","35","2","33","99",NA
"45178","2","20","36","6","30","90",NA
"45178","3","20","15","0","15","45",NA
"45178","4","20","32","0","32","96",NA
"45178","5","20","22","0","22","66",NA
"45178","6","20","40","1","39","117",NA
"45178","7","20","49","2","47","141",NA
"45178","8","20","32","5","27","81",NA
"45178","9","20","64","6","58","174",NA
"45178","10","20","56","4","52","156",NA
"45178","11","20","24","3","21","63",NA
"45178","12","20","46","1","45","135",NA
"45178","13","20","29","2","27","81",NA
"45178","14","20","152","3","149","447",NA
"45178","15","20","36","4","32","96",NA
"45178","16","20","19","4","15","45",NA
"45178","17","20","21","2","19","57",NA
"45178","18","20","22","0","22","66",NA
"45178","19","20","20","0","20","60",NA
"45178","20","20","111","0","111","333",NA
"45178","21","20","37","3","34","102",NA
"45178","22","20","35","1","34","102",NA
"45178","23","20","21","1","20","60",NA
"45179","0","20","13","1","12","36",NA
"45179","1","20","15","1","14","42",NA
"45179","2","20","31","2","29","87",NA
"45179","3","20","19","0","19","57",NA
"45179","4","20","17","1","16","48",NA
"45179","5","20","20","0","20","60",NA
"45179","6","20","17","1","16","48",NA
"45179","7","20","22","1","21","63",NA
"45179","8","20","9","5","4","12",NA
"45179","9","20","14","1","13","39",NA
"45179","10","20","10","6","4","12",NA
"45179","11","20","13","3","10","30",NA
"45179","12","20","21","4","17","51",NA
"45179","13","20","24","2","22","66",NA
"45179","14","20","152","3","149","447",NA
"45179","15","20","54","2","52","156",NA
"45179","16","20","23","3","20","60",NA
"45179","17","20","55","0","55","165",NA
"45179","18","20","15","2","13","39",NA
"45179","19","20","28","0","28","84",NA
"45179","20","20","76","1","75","225",NA
"45179","21","20","114","2","112","336",NA
"45179","22","20","45","6","39","117",NA
"45179","23","20","31","5","26","78",NA
"45180","0","20","28","3","25","75",NA
"45180","1","20","23","0","23","69",NA
"45180","2","20","16","1","15","45",NA
"45180","3","20","19","1","18","54",NA
"45180","4","20","32","2","30","90",NA
"45180","5","20","37","0","37","111",NA
"45180","6","20","17","2","15","45",NA
"45180","7","20","19","2","17","51",NA
"45180","8","20","11","1","10","30",NA
"45180","9","20","7","2","5","15",NA
"45180","10","20","6","1","5","15",NA
"45180","11","20","3","4","-1","-3",NA
"45180","12","20","29","3","26","78",NA
"45180","13","20","22","3","19","57",NA
"45180","14","20","128","1","127","381",NA
"45180","15","20","66","3","63","189",NA
"45180","16","20","28","1","27","81",NA
"45180","17","20","51","3","48","144",NA
"45180","18","20","44","2","42","126",NA
"45180","19","20","6","2","4","12",NA
"45180","20","20","82","3","79","237",NA
"45180","21","20","99","3","96","288",NA
"45180","22","20","63","1","62","186",NA
"45180","23","20","33","0","33","99",NA
"45181","0","20","30","4","26","78",NA
"45181","1","20","25","2","23","69",NA
"45181","2","20","28","1","27","81",NA
"45181","3","20","46","3","43","129",NA
"45181","4","20","40","1","39","117",NA
"45181","5","20","45","0","45","135",NA
"45181","6","20","14","2","12","36",NA
"45181","7","20","45","2","43","129",NA
"45181","8","20","25","3","22","66",NA
"45181","9","20","12","2","10","30",NA
"45181","10","20","51","4","47","141",NA
"45181","11","20","18","5","13","39",NA
"45181","12","20","40","5","35","105",NA
"45181","13","20","16","4","12","36",NA
"45181","14","20","40","3","37","111",NA
"45181","15","20","8","5","3","9",NA
"45181","16","20","5","3","2","6",NA
"45181","17","20","0","5","-5","-15",NA
"45181","18","20","8","1","7","21",NA
"45181","19","20","5","4","1","3",NA
"45181","20","20","158","0","158","474",NA
"45181","21","20","127","4","123","369",NA
"45181","22","20","48","0","48","144",NA
"45181","23","20","44","0","44","132",NA
"45182","0","20","41","0","41","122.99999999999999",NA
"45182","1","20","23","1","22","66",NA
"45182","2","20","31","0","31","93",NA
"45182","3","20","18","0","18","54",NA
"45182","4","20","31","0","31","93",NA
"45182","5","20","49","2","47","141",NA
"45182","6","20","13","5","8","24",NA
"45182","7","20","21","1","20","60",NA
"45182","8","20","12","5","7","21",NA
"45182","9","20","21","3","18","54",NA
"45182","10","20","32","1","31","93",NA
"45182","11","20","16","1","15","45",NA
"45182","12","20","28","2","26","78",NA
"45182","13","20","34","3","31","93",NA
"45182","14","20","29","2","27","81",NA
"45182","15","20","28","2","26","78",NA
"45182","16","20","8","3","5","15",NA
"45182","17","20","8","1","7","21",NA
"45182","18","20","25","1","24","72",NA
"45182","19","20","90","1","89","267",NA
"45182","20","20","189","2","187","561",NA
"45182","21","20","133","3","130","390",NA
"45182","22","20","139","1","138","414",NA
"45182","23","20","96","0","96","288",NA
"45183","0","20","50","3","47","141",NA
"45183","1","20","30","1","29","87",NA
"45183","2","20","40","0","40","120",NA
"45183","3","20","20","0","20","60",NA
"45183","4","20","26","0","26","78",NA
"45183","5","20","45","2","43","129",NA
"45183","6","20","26","2","24","72",NA
"45183","7","20","26","1","25","75",NA
"45183","8","20","38","1","37","111",NA
"45183","9","20","18","4","14","42",NA
"45183","10","20","23","3","20","60",NA
"45183","11","20","29","5","24","72",NA
"45183","12","20","2","3","-1","-3",NA
"45183","13","20","7","5","2","6",NA
"45183","14","20","64","1","63","189",NA
"45183","15","20","13","0","13","39",NA
"45183","16","20","31","4","27","81",NA
"45183","17","20","19","3","16","48",NA
"45183","18","20","10","2","8","24",NA
"45183","19","20","119","5","114","342",NA
"45183","20","20","331","4","327","981.00000000000011",NA
"45183","21","20","225","1","224","672",NA
"45183","22","20","72","3","69","207",NA
"45183","23","20","60","2","58","174",NA
"45184","0","20","74","5","69","207",NA
"45184","1","20","44","3","41","122.99999999999999",NA
"45184","2","20","49","2","47","141",NA
"45184","3","20","44","1","43","129",NA
"45184","4","20","35","1","34","102",NA
"45184","5","20","45","1","44","132",NA
"45184","6","20","17","7","10","30",NA
"45184","7","20","216","15","201","603",NA
"45184","8","20","10","1","9","27",NA
"45184","9","20","14","6","8","24",NA
"45184","10","20","8","3","5","15",NA
"45184","11","20","17","5","12","36",NA
"45184","12","20","689","8","681","2042.9999999999998",NA
"45184","13","20","22","5","17","51",NA
"45184","14","20","71","0","71","213",NA
"45184","15","20","19","3","16","48",NA
"45184","16","20","26","3","23","69",NA
"45184","17","20","15","4","11","33",NA
"45184","18","20","37","3","34","102",NA
"45184","19","20","179","3","176","528",NA
"45184","20","20","190","5","185","555",NA
"45184","21","20","84","5","79","237",NA
"45184","22","20","157","1","156","468",NA
"45184","23","20","69","4","65","195",NA
"45185","0","20","52","2","50","150",NA
"45185","1","20","25","1","24","72",NA
"45185","2","20","53","6","47","141",NA
"45185","3","20","26","0","26","78",NA
"45185","4","20","28","0","28","84",NA
"45185","5","20","144","3","141","423",NA
"45185","6","20","18","1","17","51",NA
"45185","7","20","126","1","125","375",NA
"45185","8","20","125","3","122","366",NA
"45185","9","20","14","0","14","42",NA
"45185","10","20","12","7","5","15",NA
"45185","11","20","11","5","6","18",NA
"45185","12","20","9","3","6","18",NA
"45185","13","20","29","5","24","72",NA
"45185","14","20","13","1","12","36",NA
"45185","15","20","10","1","9","27",NA
"45185","16","20","10","1","9","27",NA
"45185","17","20","30","3","27","81",NA
"45185","18","20","37","5","32","96",NA
"45185","19","20","44","1","43","129",NA
"45185","20","20","189","9","180","540",NA
"45185","21","20","45","5","40","120",NA
"45185","22","20","23","2","21","63",NA
"45185","23","20","33","1","32","96",NA
"45186","0","20","25","0","25","75",NA
"45186","1","20","44","0","44","132",NA
"45186","2","20","31","4","27","81",NA
"45186","3","20","43","3","40","120",NA
"45186","4","20","45","2","43","129",NA
"45186","5","20","32","0","32","96",NA
"45186","6","20","25","3","22","66",NA
"45186","7","20","52","6","46","138",NA
"45186","8","20","25","9","16","48",NA
"45186","9","20","34","3","31","93",NA
"45186","10","20","12","7","5","15",NA
"45186","11","20","11","9","2","6",NA
"45186","12","13","20","5","15","69.230769230769226","Short file, recording computer failure"
"45186","13",NA,NA,NA,NA,"93","No File, Recording computer failure. LB used to estimate RB"
"45186","14",NA,NA,NA,NA,"66","No File, Recording computer failure. LB used to estimate RB"
"45186","15",NA,NA,NA,NA,"138","No File, Recording computer failure. LB used to estimate RB"
"45186","16","20","46","5","41","122.99999999999999",NA
"45186","17","20","12","10","2","6",NA
"45186","18","20","46","4","42","126",NA
"45186","19","20","22","6","16","48",NA
"45186","20","20","183","13","170","510",NA
"45186","21","20","69","5","64","192",NA
"45186","22","20","28","3","25","75",NA
"45186","23","20","14","1","13","39",NA
"45187","0","20","15","1","14","42",NA
"45187","1","20","26","3","23","69",NA
"45187","2","20","17","1","16","48",NA
"45187","3","20","37","1","36","108",NA
"45187","4","20","21","0","21","63",NA
"45187","5","20","23","0","23","69",NA
"45187","6","20","29","1","28","84",NA
"45187","7","20","31","6","25","75",NA
"45187","8","20","13","3","10","30",NA
"45187","9","20","69","5","64","192",NA
"45187","10","20","149","0","149","447",NA
"45187","11","20","120","1","119","357",NA
"45187","12","20","38","8","30","90",NA
"45187","13","20","26","12","14","42",NA
"45187","14","15","15","7","8","32",NA
"45187","15",NA,NA,NA,NA,"-21","No File. Recording turned off. LB used to estimate RB"
"45187","16",NA,NA,NA,NA,"12","No File. Recording turned off. LB used to estimate RB"
"45187","17",NA,NA,NA,NA,"33","No File. Recording turned off. LB used to estimate RB"
"45187","18",NA,NA,NA,NA,"27","No File. Recording turned off. LB used to estimate RB"
"45187","19",NA,NA,NA,NA,"192","No File. Recording turned off. LB used to estimate RB"
"45187","20",NA,NA,NA,NA,"93","No File. Recording turned off. LB used to estimate RB"
"45187","21","20","203","12","191","573",NA
"45187","22","20","139","7","132","396",NA
"45187","23","20","46","5","41","122.99999999999999",NA
"45188","0","20","25","1","24","72",NA
"45188","1","20","33","3","30","90",NA
"45188","2","20","16","4","12","36",NA
"45188","3","20","17","4","13","39",NA
"45188","4","20","8","1","7","21",NA
"45188","5","20","15","1","14","42",NA
"45188","6","20","17","5","12","36",NA
"45188","7","20","15","10","5","15",NA
"45188","8","20","3","3","0","0",NA
"45188","9","20","10","4","6","18",NA
"45188","10","20","5","5","0","0",NA
"45188","11","20","7","6","1","3",NA
"45188","12","20","8","6","2","6",NA
"45188","13","20","17","2","15","45",NA
"45188","14","20","6","1","5","15",NA
"45188","15","14","5","2","3","12.857142857142856",NA
"45188","16","20","54","7","47","141",NA
"45188","17","20","5","7","-2","-6",NA
"45188","18","20","32","4","28","84",NA
"45188","19","20","50","4","46","138",NA
"45188","20","20","242","4","238","714",NA
"45188","21","20","60","3","57","171",NA
"45188","22","20","43","1","42","126",NA
"45188","23","20","17","1","16","48",NA
"45189","0","20","17","3","14","42",NA
"45189","1","20","20","2","18","54",NA
"45189","2","20","14","2","12","36",NA
"45189","3","20","13","2","11","33",NA
"45189","4","20","17","1","16","48",NA
"45189","5","20","10","0","10","30",NA
"45189","6","20","13","2","11","33",NA
"45189","7","20","33","6","27","81",NA
"45189","8","20","4","2","2","6",NA
"45189","9","20","1","6","-5","-15",NA
"45189","10","20","6","5","1","3",NA
"45189","11","20","5","1","4","12",NA
"45189","12","20","3","1","2","6",NA
"45189","13","20","4","2","2","6",NA
"45189","14","20","8","3","5","15",NA
"45189","15","20","4","3","1","3",NA
"45189","16","20","15","2","13","39",NA
"45189","17","20","4","1","3","9",NA
"45189","18","20","13","2","11","33",NA
"45189","19","20","45","3","42","126",NA
"45189","20","20","125","6","119","357",NA
"45189","21","20","93","6","87","261",NA
"45189","22","20","113","2","111","333",NA
"45189","23","20","18","2","16","48",NA
"45190","0","20","9","0","9","27",NA
"45190","1","20","15","3","12","36",NA
"45190","2","20","11","1","10","30",NA
"45190","3","20","14","1","13","39",NA
"45190","4","20","8","1","7","21",NA
"45190","5","20","13","2","11","33",NA
"45190","6","20","19","8","11","33",NA
"45190","7","20","10","3","7","21",NA
"45190","8","20","10","2","8","24",NA
"45190","9","20","7","3","4","12",NA
"45190","10","20","7","6","1","3",NA
"45190","11","20","14","2","12","36",NA
"45190","12","20","6","0","6","18",NA
"45190","13","20","11","2","9","27",NA
"45190","14",NA,NA,NA,NA,"18","File Lost, sonar adjustment. Before and after used"
"45190","15","20","5","2","3","9",NA
"45190","16","20","1","2","-1","-3",NA
"45190","17","20","6","1","5","15",NA
"45190","18","20","54","1","53","159",NA
"45190","19","20","49","2","47","141",NA
"45190","20","20","231","13","218","654",NA
"45190","21","20","89","14","75","225",NA
"45190","22","20","43","15","28","84",NA
"45190","23","20","18","4","14","42",NA
"45191","0","20","7","5","2","6",NA
"45191","1","20","10","2","8","24",NA
"45191","2","20","10","4","6","18",NA
"45191","3","20","10","2","8","24",NA
"45191","4","20","3","1","2","6",NA
"45191","5","20","5","1","4","12",NA
"45191","6","20","20","3","17","51",NA
"45191","7","20","31","6","25","75",NA
"45191","8","20","5","5","0","0",NA
"45191","9","20","2","8","-6","-18",NA
"45191","10","20","5","2","3","9",NA
"45191","11","20","1","6","-5","-15",NA
"45191","12","20","6","3","3","9",NA
"45191","13","20","14","4","10","30",NA
"45191","14","20","8","1","7","21",NA
"45191","15","20","15","1","14","42",NA
"45191","16","20","5","2","3","9",NA
"45191","17","20","2","3","-1","-3",NA
"45191","18","20","23","1","22","66",NA
"45191","19","20","10","1","9","27",NA
"45191","20","20","87","7","80","240",NA
"45191","21","20","28","4","24","72",NA
"45191","22","20","9","2","7","21",NA
"45191","23","20","7","5","2","6",NA
"45192","0","20","9","2","7","21",NA
"45192","1","20","7","4","3","9",NA
"45192","2","20","8","0","8","24",NA
"45192","3","20","12","4","8","24",NA
"45192","4","20","9","3","6","18",NA
"45192","5","20","2","2","0","0",NA
"45192","6","20","4","5","-1","-3",NA
"45192","7","20","43","6","37","111",NA
"45192","8","20","12","14","-2","-6",NA
"45192","9","20","92","2","90","270",NA
"45192","10","20","1","3","-2","-6",NA
"45192","11","20","6","2","4","12",NA
"45192","12","20","0","4","-4","-12",NA
"45192","13","20","0","6","-6","-18",NA
"45192","14","20","8","2","6","18",NA
"45192","15","20","62","4","58","174",NA
"45192","16","20","18","4","14","42",NA
"45192","17","20","9","2","7","21",NA
"45192","18","20","21","2","19","57",NA
"45192","19","20","16","1","15","45",NA
"45192","20","20","37","6","31","93",NA
"45192","21","20","13","5","8","24",NA
"45192","22","20","16","2","14","42",NA
"45192","23","20","5","4","1","3",NA
"45193","0","20","11","0","11","33",NA
"45193","1","20","7","3","4","12",NA
"45193","2","20","5","2","3","9",NA
"45193","3","20","10","5","5","15",NA
"45193","4","20","5","3","2","6",NA
"45193","5","20","21","2","19","57",NA
"45193","6","20","6","3","3","9",NA
"45193","7","20","27","7","20","60",NA
"45193","8","20","4","9","-5","-15",NA
"45193","9","20","2","1","1","3",NA
"45193","10","20","3","5","-2","-6",NA
"45193","11","20","2","5","-3","-9",NA
"45193","12","20","6","4","2","6",NA
"45193","13","20","5","2","3","9",NA
"45193","14","20","90","0","90","270",NA
"45193","15","20","8","5","3","9",NA
"45193","16","20","3","4","-1","-3",NA
"45193","17","20","2","4","-2","-6",NA
"45193","18","20","12","2","10","30",NA
"45193","19","20","16","1","15","45",NA
"45193","20","20","21","7","14","42",NA
"45193","21","20","9","2","7","21",NA
"45193","22","20","13","2","11","33",NA
"45193","23","20","9","2","7","21",NA
"45194","0","20","4","2","2","6",NA
"45194","1","20","6","2","4","12",NA
"45194","2","20","8","2","6","18",NA
"45194","3","20","4","2","2","6",NA
"45194","4","20","7","3","4","12",NA
"45194","5","20","5","3","2","6",NA
"45194","6","20","7","8","-1","-3",NA
"45194","7","20","8","9","-1","-3",NA
"45194","8","20","4","4","0","0",NA
"45194","9","20","34","4","30","90",NA
"45194","10","20","4","4","0","0",NA
"45194","11","20","4","5","-1","-3",NA
"45194","12","20","14","3","11","33",NA
"45194","13","20","1","1","0","0",NA
"45194","14","20","2","1","1","3",NA
"45194","15","20","163","3","160","480",NA
"45194","16","20","0","3","-3","-9",NA
"45194","17","20","6","3","3","9",NA
"45194","18","20","18","3","15","45",NA
"45194","19","20","49","9","40","120",NA
"45194","20","20","11","1","10","30",NA
"45194","21","20","5","1","4","12",NA
"45194","22","20","1","2","-1","-3",NA
"45194","23","20","5","1","4","12",NA
"45195","0","20","5","1","4","12",NA
"45195","1","20","11","0","11","33",NA
"45195","2","20","10","1","9","27",NA
"45195","3","20","12","0","12","36",NA
"45195","4","20","13","1","12","36",NA
"45195","5","20","7","2","5","15",NA
"45195","6","20","10","6","4","12",NA
"45195","7","20","10","4","6","18",NA
"45195","8","20","11","7","4","12",NA
"45195","9","20","10","6","4","12",NA
"45195","10","20","14","3","11","33",NA
"45195","11","20","15","8","7","21",NA
"45195","12","20","17","1","16","48",NA
"45195","13","20","10","10","0","0",NA
"45195","14","20","12","12","0","0",NA
"45195","15","20","54","2","52","156",NA
"45195","16","20","9","9","0","0",NA
"45195","17","20","3","6","-3","-9",NA
"45195","18","20","3","4","-1","-3",NA
"45195","19","20","46","1","45","135",NA
"45195","20","20","24","7","17","51",NA
"45195","21","20","12","1","11","33",NA
"45195","22","20","8","1","7","21",NA
"45195","23","20","3","3","0","0",NA
"45196","0","20","3","2","1","3",NA
"45196","1","20","6","1","5","15",NA
"45196","2","20","7","3","4","12",NA
"45196","3","20","8","1","7","21",NA
"45196","4","20","6","0","6","18",NA
"45196","5","20","5","0","5","15",NA
"45196","6","20","10","2","8","24",NA
"45196","7","20","4","2","2","6",NA
"45196","8","20","0","8","-8","-24",NA
"45196","9","20","1","9","-8","-24",NA
"45196","10","20","2","2","0","0",NA
"45196","11","20","4","3","1","3",NA
"45196","12","20","1","6","-5","-15",NA
"45196","13","20","3","8","-5","-15",NA
"45196","14","20","3","5","-2","-6",NA
"45196","15","20","0","4","-4","-12",NA
"45196","16","20","6","7","-1","-3",NA
"45196","17","20","1","6","-5","-15",NA
"45196","18","20","1","3","-2","-6",NA
"45196","19","20","47","3","44","132",NA
"45196","20","20","18","4","14","42",NA
"45196","21","20","11","2","9","27",NA
"45196","22","20","9","1","8","24",NA
"45196","23","20","7","0","7","21",NA
"45197","0","20","8","1","7","21",NA
"45197","1","20","8","1","7","21",NA
"45197","2","20","16","1","15","45",NA
"45197","3","20","14","1","13","39",NA
"45197","4","20","7","2","5","15",NA
"45197","5","20","2","0","2","6",NA
"45197","6","20","0","4","-4","-12",NA
"45197","7","20","32","3","29","87",NA
"45197","8","20","64","2","62","186",NA
"45197","9","20","18","1","17","51",NA
"45197","10","20","3","2","1","3",NA
"45197","11","20","2","2","0","0",NA
"45197","12","20","7","2","5","15",NA
"45197","13","20","1","1","0","0",NA
"45197","14","20","32","3","29","87",NA
"45197","15","20","194","3","191","573",NA
"45197","16","20","2","0","2","6",NA
"45197","17","20","9","5","4","12",NA
"45197","18","20","11","4","7","21",NA
"45197","19","20","10","3","7","21",NA
"45197","20","20","14","0","14","42",NA
"45197","21","20","4","0","4","12",NA
"45197","22","20","10","2","8","24",NA
"45197","23","20","6","2","4","12",NA
"45198","0","20","1","1","0","0",NA
"45198","1","20","4","4","0","0",NA
"45198","2","20","6","2","4","12",NA
"45198","3","20","4","2","2","6",NA
"45198","4","20","4","0","4","12",NA
"45198","5","20","4","1","3","9",NA
"45198","6","20","5","3","2","6",NA
"45198","7","20","21","1","20","60",NA
"45198","8","20","10","2","8","24",NA
"45198","9","20","2","1","1","3",NA
"45198","10","20","8","1","7","21",NA
"45198","11","20","8","2","6","18",NA
"45198","12","20","13","0","13","39",NA
"45198","13","20","7","1","6","18",NA
"45198","14","20","25","3","22","66",NA
"45198","15","20","3","2","1","3",NA
"45198","16","20","10","1","9","27",NA
"45198","17","20","11","2","9","27",NA
"45198","18","20","113","2","111","333",NA
"45198","19","20","142","1","141","423",NA
"45198","20","20","28","10","18","54",NA
"45198","21","20","25","3","22","66",NA
"45198","22","20","13","0","13","39",NA
"45198","23","20","20","6","14","42",NA
"45199","0","20","21","0","21","63",NA
"45199","1","20","13","3","10","30",NA
"45199","2","20","8","1","7","21",NA
"45199","3","20","9","2","7","21",NA
"45199","4","20","4","0","4","12",NA
"45199","5","20","10","2","8","24",NA
"45199","6","20","2","4","-2","-6",NA
"45199","7","20","15","3","12","36",NA
"45199","8","20","1","2","-1","-3",NA
"45199","9","20","28","2","26","78",NA
"45199","10","20","0","4","-4","-12",NA
"45199","11","20","8","2","6","18",NA
"45199","12","20","1","2","-1","-3",NA
"45199","13","20","2","0","2","6",NA
"45199","14",NA,NA,NA,NA,"66","Recording issue. Used files from previous day to estimate"
"45199","15",NA,NA,NA,NA,"3","Recording issue"
"45199","16",NA,NA,NA,NA,"27","Recording issue"
"45199","17",NA,NA,NA,NA,"27","Recording issue"
"45199","18",NA,NA,NA,NA,"333","Recording issue"
"45199","19","20","42","1","41","122.99999999999999",NA
"45199","20","20","19","12","7","21",NA
"45199","21","20","3","2","1","3",NA
"45199","22","20","11","2","9","27",NA
"45199","23","20","3","5","-2","-6",NA
"45200","0","20","10","2","8","24",NA
"45200","1","20","9","1","8","24",NA
"45200","2","20","6","0","6","18",NA
"45200","3","20","16","2","14","42",NA
"45200","4","20","6","2","4","12",NA
"45200","5","20","6","1","5","15",NA
"45200","6","20","11","2","9","27",NA
"45200","7","20","30","5","25","75",NA
"45200","8","20","7","3","4","12",NA
"45200","9","20","2","0","2","6",NA
"45200","10","20","0","1","-1","-3",NA
"45200","11","20","1","0","1","3",NA
"45200","12","20","2","1","1","3",NA
"45200","13","20","3","0","3","9",NA
"45200","14","20","2","2","0","0",NA
"45200","15","20","4","1","3","9",NA
"45200","16","20","4","2","2","6",NA
"45200","17","20","2","1","1","3",NA
"45200","18","20","8","2","6","18",NA
"45200","19","20","56","4","52","156",NA
"45200","20","20","20","1","19","57",NA
"45200","21","20","5","3","2","6",NA
"45200","22","20","7","2","5","15",NA
"45200","23","20","10","1","9","27",NA
"45201","0","20","9","1","8","24",NA
"45201","1","20","36","0","36","108",NA
"45201","2","20","10","0","10","30",NA
"45201","3","20","35","0","35","105",NA
"45201","4","20","14","0","14","42",NA
"45201","5","20","8","0","8","24",NA
"45201","6","20","10","0","10","30",NA
"45201","7","20","48","1","47","141",NA
"45201","8","20","5","0","5","15",NA
"45201","9","20","4","1","3","9",NA
"45201","10","20","1","1","0","0",NA
"45201","11","20","0","1","-1","-3",NA
"45201","12","20","3","0","3","9",NA
"45201","13","20","1","2","-1","-3",NA
"45201","14","20","21","1","20","60",NA
"45201","15","20","2","3","-1","-3",NA
"45201","16","20","4","2","2","6",NA
"45201","17","20","6","3","3","9",NA
"45201","18","20","4","2","2","6",NA
"45201","19","20","26","8","18","54",NA
"45201","20","20","7","2","5","15",NA
"45201","21","20","8","1","7","21",NA
"45201","22",NA,NA,NA,NA,"13.5","File Lost, sonar disconnected. Before and after used"
"45201","23","20","4","2","2","6",NA
"45202","0","20","2","1","1","3",NA
"45202","1","20","21","1","20","60",NA
"45202","2","20","25","1","24","72",NA
"45202","3","20","20","1","19","57",NA
"45202","4","20","29","0","29","87",NA
"45202","5","20","9","0","9","27",NA
"45202","6","20","1","5","-4","-12",NA
"45202","7","20","0","0","0","0",NA
"45202","8","20","1","0","1","3",NA
"45202","9","20","0","1","-1","-3",NA
"45202","10","20","0","1","-1","-3",NA
"45202","11","20","2","1","1","3",NA
"45202","12",NA,NA,NA,NA,"1.5","No file, sonar issue. Average of before and after used"
"45202","13","20","0","0","0","0",NA
"45202","14","20","1","0","1","3",NA
"45202","15","20","10","0","10","30",NA
"45202","16","20","5","0","5","15",NA
"45202","17","20","3","1","2","6",NA
"45202","18","20","24","1","23","69",NA
"45202","19","20","11","2","9","27",NA
"45202","20","20","5","2","3","9",NA
"45202","21","20","6","2","4","12",NA
"45202","22","20","3","0","3","9",NA
"45202","23","20","3","5","-2","-6",NA
"45203","0","20","1","1","0","0",NA
"45203","1","20","4","1","3","9",NA
"45203","2","20","8","0","8","24",NA
"45203","3","20","5","0","5","15",NA
"45203","4","20","16","3","13","39",NA
"45203","5","20","4","1","3","9",NA
"45203","6","20","6","1","5","15",NA
"45203","7","20","11","2","9","27",NA
"45203","8","20","6","0","6","18",NA
"45203","9","20","8","0","8","24",NA
"45203","10","20","13","3","10","30",NA
"45203","11","20","8","1","7","21",NA
"45203","12","20","10","2","8","24",NA
"45203","13","20","9","1","8","24",NA
"45203","14","20","3","2","1","3",NA
"45203","15","20","8","1","7","21",NA
"45203","16","20","17","5","12","36",NA
"45203","17","20","3","0","3","9",NA
"45203","18","20","3","0","3","9",NA
"45203","19","20","25","3","22","66",NA
"45203","20","20","5","0","5","15",NA
"45203","21","20","2","0","2","6",NA
"45203","22","20","6","0","6","18",NA
"45203","23","20","5","1","4","12",NA
"45204","0","20","3","0","3","9",NA
"45204","1","20","4","1","3","9",NA
"45204","2","20","5","0","5","15",NA
"45204","3","20","8","2","6","18",NA
"45204","4","20","9","0","9","27",NA
"45204","5","20","7","3","4","12",NA
"45204","6","20","1","1","0","0",NA
"45204","7","20","0","2","-2","-6",NA
"45204","8",NA,NA,NA,NA,NA,NA
"45204","9",NA,NA,NA,NA,NA,NA
"45204","10",NA,NA,NA,NA,NA,NA
"45204","11",NA,NA,NA,NA,NA,NA
"45204","12",NA,NA,NA,NA,NA,NA
"45204","13",NA,NA,NA,NA,NA,NA
"45204","14",NA,NA,NA,NA,NA,NA
"45204","15",NA,NA,NA,NA,NA,NA
"45204","16",NA,NA,NA,NA,NA,NA
"45204","17",NA,NA,NA,NA,NA,NA
"45204","18",NA,NA,NA,NA,NA,NA
"45204","19",NA,NA,NA,NA,NA,NA
"45204","20",NA,NA,NA,NA,NA,NA
"45204","21",NA,NA,NA,NA,NA,NA
"45204","22",NA,NA,NA,NA,NA,NA
"45204","23",NA,NA,NA,NA,NA,NA
"45205","0","0","0","0","0",NA,NA
"45205","1","0","0","0","0",NA,NA
"45205","2","0","0","0","0",NA,NA
"45205","3","0","0","0","0",NA,NA
"45205","4","0","0","0","0",NA,NA
"45205","5","0","0","0","0",NA,NA
"45205","6","0","0","0","0",NA,NA
"45205","7","0","0","0","0",NA,NA
"45205","8","0","0","0","0",NA,NA
"45205","9","0","0","0","0",NA,NA
"45205","10","0","0","0","0",NA,NA
"45205","11","0","0","0","0",NA,NA
"45205","12","0","0","0","0",NA,NA
"45205","13","0","0","0","0",NA,NA
"45205","14","0","0","0","0",NA,NA
"45205","15","0","0","0","0",NA,NA
"45205","16","0","0","0","0",NA,NA
"45205","17","0","0","0","0",NA,NA
"45205","18","0","0","0","0",NA,NA
"45205","19","0","0","0","0",NA,NA
"45205","20","0","0","0","0",NA,NA
"45205","21","0","0","0","0",NA,NA
"45205","22","0","0","0","0",NA,NA
"45205","23","0","0","0","0",NA,NA
"45206","0","0","0","0","0",NA,NA
"45206","1","0","0","0","0",NA,NA
"45206","2","0","0","0","0",NA,NA
"45206","3","0","0","0","0",NA,NA
"45206","4","0","0","0","0",NA,NA
"45206","5","0","0","0","0",NA,NA
"45206","6","0","0","0","0",NA,NA
"45206","7","0","0","0","0",NA,NA
"45206","8","0","0","0","0",NA,NA
"45206","9","0","0","0","0",NA,NA
"45206","10","0","0","0","0",NA,NA
"45206","11","0","0","0","0",NA,NA
"45206","12","0","0","0","0",NA,NA
"45206","13","0","0","0","0",NA,NA
"45206","14","0","0","0","0",NA,NA
"45206","15","0","0","0","0",NA,NA
"45206","16","0","0","0","0",NA,NA
"45206","17","0","0","0","0",NA,NA
"45206","18","0","0","0","0",NA,NA
"45206","19","0","0","0","0",NA,NA
"45206","20","0","0","0","0",NA,NA
"45206","21","0","0","0","0",NA,NA
"45206","22","0","0","0","0",NA,NA
"45206","23","0","0","0","0",NA,NA
